"","Country","Year","CountryCode","SDG","Value_sum"
"1","Afghanistan",2000,"AFG",15,12.1432160308672
"2","Afghanistan",2001,"AFG",15,12.1393577308672
"3","Afghanistan",2002,"AFG",15,12.1350707308672
"4","Afghanistan",2003,"AFG",15,12.1313553308672
"5","Afghanistan",2004,"AFG",15,12.1297834308672
"6","Afghanistan",2005,"AFG",15,12.1280686308672
"7","Afghanistan",2006,"AFG",15,12.1269254308672
"8","Afghanistan",2007,"AFG",15,12.1282115308672
"9","Afghanistan",2008,"AFG",15,12.1274970308672
"10","Afghanistan",2009,"AFG",15,13.4173364398672
"11","Afghanistan",2010,"AFG",15,13.4166219398672
"12","Afghanistan",2011,"AFG",15,13.4156216398672
"13","Afghanistan",2012,"AFG",15,16.2746213398672
"14","Afghanistan",2013,"AFG",15,16.2737639398672
"15","Afghanistan",2014,"AFG",15,30.5627636398672
"16","Afghanistan",2015,"AFG",15,30.5616204398672
"17","Afghanistan",2016,"AFG",15,44.8506201398672
"18","Afghanistan",2017,"AFG",15,44.8491911398672
"19","Afghanistan",2018,"AFG",15,44.8487624398672
"21","Albania",2000,"ALB",15,36.601126802946
"22","Albania",2001,"ALB",15,36.649179035672
"23","Albania",2002,"ALB",15,36.66737812016
"24","Albania",2003,"ALB",15,36.740100528124
"25","Albania",2004,"ALB",15,36.959757585786
"26","Albania",2005,"ALB",15,38.185362573988
"27","Albania",2006,"ALB",15,38.554574622795
"28","Albania",2007,"ALB",15,39.1108205532948
"29","Albania",2008,"ALB",15,39.9424472581148
"30","Albania",2009,"ALB",15,39.874275572271
"31","Albania",2010,"ALB",15,40.229082010676
"32","Albania",2011,"ALB",15,40.878435918775
"33","Albania",2012,"ALB",15,52.9805068961392
"34","Albania",2013,"ALB",15,54.1129012516332
"35","Albania",2014,"ALB",15,54.063262720337
"36","Albania",2015,"ALB",15,54.037088958734
"37","Albania",2016,"ALB",15,68.299889888514
"38","Albania",2017,"ALB",15,68.253304488514
"39","Albania",2018,"ALB",15,68.471577093514
"41","Algeria",2000,"DZA",15,15.7542106624802
"42","Algeria",2001,"DZA",15,16.2925802126458
"43","Algeria",2002,"DZA",15,16.2880354018828
"44","Algeria",2003,"DZA",15,16.636129889407
"45","Algeria",2004,"DZA",15,17.571016398644
"46","Algeria",2005,"DZA",15,31.859329587881
"47","Algeria",2006,"DZA",15,31.995114743116
"48","Algeria",2007,"DZA",15,32.0999949338778
"49","Algeria",2008,"DZA",15,32.173970156525
"50","Algeria",2009,"DZA",15,32.2170404183404
"51","Algeria",2010,"DZA",15,32.2297773156826
"52","Algeria",2011,"DZA",15,32.2940051034238
"53","Algeria",2012,"DZA",15,35.1154158516382
"54","Algeria",2013,"DZA",15,35.0546668880386
"55","Algeria",2014,"DZA",15,34.9707579051994
"56","Algeria",2015,"DZA",15,34.8639747068334
"57","Algeria",2016,"DZA",15,49.153059339521
"58","Algeria",2017,"DZA",15,49.150772939521
"59","Algeria",2018,"DZA",15,49.148200739521
"61","Angola",2000,"AGO",15,20.623635191016
"62","Angola",2001,"AGO",15,20.616059001156
"63","Angola",2002,"AGO",15,20.608054111296
"64","Angola",2003,"AGO",15,20.600049444918
"65","Angola",2004,"AGO",15,20.591901655058
"66","Angola",2005,"AGO",15,20.583753865198
"67","Angola",2006,"AGO",15,34.865891874624
"68","Angola",2007,"AGO",15,34.859601784764
"69","Angola",2008,"AGO",15,34.852311618386
"70","Angola",2009,"AGO",15,34.844735428526
"71","Angola",2010,"AGO",15,34.837445038666
"72","Angola",2011,"AGO",15,34.829725948806
"73","Angola",2012,"AGO",15,40.541721058232
"74","Angola",2013,"AGO",15,40.535288292568
"75","Angola",2014,"AGO",15,40.527283401994
"76","Angola",2015,"AGO",15,40.518564012134
"77","Angola",2016,"AGO",15,40.511988122274
"78","Angola",2017,"AGO",15,40.511130722274
"79","Angola",2018,"AGO",15,40.510559122274
"81","Argentina",2000,"ARG",15,19.235748054404
"82","Argentina",2001,"ARG",15,19.2530001555666
"83","Argentina",2002,"ARG",15,19.4111131014326
"84","Argentina",2003,"ARG",15,33.9472016958286
"85","Argentina",2004,"ARG",15,34.0844575895706
"86","Argentina",2005,"ARG",15,34.153670558628
"87","Argentina",2006,"ARG",15,34.1651332289004
"88","Argentina",2007,"ARG",15,34.152627680501
"89","Argentina",2008,"ARG",15,34.2409884833334
"90","Argentina",2009,"ARG",15,35.0175123194426
"91","Argentina",2010,"ARG",15,35.008671027166
"92","Argentina",2011,"ARG",15,35.0071790784494
"93","Argentina",2012,"ARG",15,37.9749191168558
"94","Argentina",2013,"ARG",15,38.0073317694978
"95","Argentina",2014,"ARG",15,38.1562539821914
"96","Argentina",2015,"ARG",15,38.269849401549
"97","Argentina",2016,"ARG",15,55.4397929314052
"98","Argentina",2017,"ARG",15,55.4429979474052
"99","Argentina",2018,"ARG",15,58.5171552014052
"101","Armenia",2000,"ARM",15,30.524978316924
"102","Armenia",2001,"ARM",15,30.522761905506
"103","Armenia",2002,"ARM",15,30.977413833486
"104","Armenia",2003,"ARM",15,30.968766922782
"105","Armenia",2004,"ARM",15,30.948688087762
"106","Armenia",2005,"ARM",15,30.918891976344
"107","Armenia",2006,"ARM",15,30.89301148564
"108","Armenia",2007,"ARM",15,30.87358851262
"109","Armenia",2008,"ARM",15,30.864655801202
"110","Armenia",2009,"ARM",15,32.124041630896
"111","Armenia",2010,"ARM",15,32.123625599478
"112","Armenia",2011,"ARM",15,32.124555510896
"113","Armenia",2012,"ARM",15,34.986199445202
"114","Armenia",2013,"ARM",15,34.98827175662
"115","Armenia",2014,"ARM",15,34.99105809164
"116","Armenia",2015,"ARM",15,34.994415702344
"117","Armenia",2016,"ARM",15,49.284917313762
"118","Armenia",2017,"ARM",15,49.284774413762
"119","Armenia",2018,"ARM",15,49.284774413762
"121","Australia",2000,"AUS",15,36.163023288878
"122","Australia",2001,"AUS",15,36.493583149818
"123","Australia",2002,"AUS",15,36.690555641754
"124","Australia",2003,"AUS",15,36.971847268544
"125","Australia",2004,"AUS",15,36.993769224616
"126","Australia",2005,"AUS",15,37.166021147256
"127","Australia",2006,"AUS",15,37.5251992698078
"128","Australia",2007,"AUS",15,37.8898652809714
"129","Australia",2008,"AUS",15,37.9414836910474
"130","Australia",2009,"AUS",15,38.2365374069338
"131","Australia",2010,"AUS",15,38.556840004548
"132","Australia",2011,"AUS",15,38.8424644306202
"133","Australia",2012,"AUS",15,42.2230541707326
"134","Australia",2013,"AUS",15,42.6847445439566
"135","Australia",2014,"AUS",15,43.5951717592922
"136","Australia",2015,"AUS",15,43.769843946668
"137","Australia",2016,"AUS",15,58.072977669484
"138","Australia",2017,"AUS",15,58.025106169484
"139","Australia",2018,"AUS",15,60.844969833484
"141","Austria",2000,"AUT",15,44.484054408876
"142","Austria",2001,"AUT",15,44.668603469362
"143","Austria",2002,"AUT",15,45.000380707878
"144","Austria",2003,"AUT",15,44.869984801398
"145","Austria",2004,"AUT",15,45.015083362662
"146","Austria",2005,"AUT",15,44.98312583193
"147","Austria",2006,"AUT",15,45.3522879934022
"148","Austria",2007,"AUT",15,45.455506346162
"149","Austria",2008,"AUT",15,45.507202451442
"150","Austria",2009,"AUT",15,45.5102275597562
"151","Austria",2010,"AUT",15,45.522688538866
"152","Austria",2011,"AUT",15,45.5254316951798
"153","Austria",2012,"AUT",15,51.251237848548
"154","Austria",2013,"AUT",15,51.475016604272
"155","Austria",2014,"AUT",15,51.4808491139538
"156","Austria",2015,"AUT",15,51.486417654996
"157","Austria",2016,"AUT",15,65.779226103776
"158","Austria",2017,"AUT",15,65.779654803776
"159","Austria",2018,"AUT",15,65.782891488776
"161","Azerbaijan",2000,"AZE",15,19.526727322988
"162","Azerbaijan",2001,"AZE",15,19.784268969648
"163","Azerbaijan",2002,"AZE",15,19.78321684229
"164","Azerbaijan",2003,"AZE",15,20.769183010168
"165","Azerbaijan",2004,"AZE",15,35.900092596092
"166","Azerbaijan",2005,"AZE",15,35.955142890106
"167","Azerbaijan",2006,"AZE",15,37.3405622261566
"168","Azerbaijan",2007,"AZE",15,37.4160648625482
"169","Azerbaijan",2008,"AZE",15,38.0208724559222
"170","Azerbaijan",2009,"AZE",15,38.4060334835326
"171","Azerbaijan",2010,"AZE",15,38.438175480232
"172","Azerbaijan",2011,"AZE",15,38.4617912294694
"173","Azerbaijan",2012,"AZE",15,38.4840783840518
"174","Azerbaijan",2013,"AZE",15,38.5028609754718
"175","Azerbaijan",2014,"AZE",15,38.5195442253874
"176","Azerbaijan",2015,"AZE",15,38.530921898814
"177","Azerbaijan",2016,"AZE",15,52.844627272476
"178","Azerbaijan",2017,"AZE",15,52.847628172476
"179","Azerbaijan",2018,"AZE",15,52.845627572476
"181","Bangladesh",2000,"BGD",15,15.928044418854
"182","Bangladesh",2001,"BGD",15,15.898320515926
"183","Bangladesh",2002,"BGD",15,15.834349725986
"184","Bangladesh",2003,"BGD",15,15.809754868204
"185","Bangladesh",2004,"BGD",15,15.775950076098
"186","Bangladesh",2005,"BGD",15,15.719931384694
"187","Bangladesh",2006,"BGD",15,29.935736229492
"188","Bangladesh",2007,"BGD",15,29.886599225696
"189","Bangladesh",2008,"BGD",15,29.834601842458
"190","Bangladesh",2009,"BGD",15,29.95457575658
"191","Bangladesh",2010,"BGD",15,30.083205853534
"192","Bangladesh",2011,"BGD",15,30.027746112506
"193","Bangladesh",2012,"BGD",15,32.872095733702
"194","Bangladesh",2013,"BGD",15,32.822309776006
"195","Bangladesh",2014,"BGD",15,32.792334903078
"196","Bangladesh",2015,"BGD",15,32.774846532374
"197","Bangladesh",2016,"BGD",15,47.008118110908
"198","Bangladesh",2017,"BGD",15,46.950529410908
"199","Bangladesh",2018,"BGD",15,49.743366410908
"201","Belgium",2000,"BEL",15,23.386118672194
"202","Belgium",2001,"BEL",15,27.1919445127846
"203","Belgium",2002,"BEL",15,29.5015375896042
"204","Belgium",2003,"BEL",15,30.0249926680102
"205","Belgium",2004,"BEL",15,30.0973292994306
"206","Belgium",2005,"BEL",15,30.17885899408
"207","Belgium",2006,"BEL",15,30.1849407951284
"208","Belgium",2007,"BEL",15,44.4778074651276
"209","Belgium",2008,"BEL",15,44.4812378568392
"210","Belgium",2009,"BEL",15,44.4831429102306
"211","Belgium",2010,"BEL",15,44.487003727346
"212","Belgium",2011,"BEL",15,44.4888908040506
"213","Belgium",2012,"BEL",15,53.0708664980656
"214","Belgium",2013,"BEL",15,53.0716450817476
"215","Belgium",2014,"BEL",15,53.1073443496686
"216","Belgium",2015,"BEL",15,53.834629450614
"217","Belgium",2016,"BEL",15,68.127540031296
"218","Belgium",2017,"BEL",15,68.128848995296
"219","Belgium",2018,"BEL",15,68.131135395296
"221","Belize",2000,"BLZ",15,44.473637234334
"222","Belize",2001,"BLZ",15,44.633777631698
"223","Belize",2002,"BLZ",15,44.5875272606
"224","Belize",2003,"BLZ",15,44.523755984668
"225","Belize",2004,"BLZ",15,44.537584838856
"226","Belize",2005,"BLZ",15,44.473771236924
"227","Belize",2006,"BLZ",15,44.4352070799078
"228","Belize",2007,"BLZ",15,44.38459337413
"229","Belize",2008,"BLZ",15,44.341440578552
"230","Belize",2009,"BLZ",15,44.3005372922398
"231","Belize",2010,"BLZ",15,44.246241859462
"232","Belize",2011,"BLZ",15,44.2027818808602
"233","Belize",2012,"BLZ",15,44.15456304602
"234","Belize",2013,"BLZ",15,44.100035444904
"235","Belize",2014,"BLZ",15,44.0553798893022
"236","Belize",2015,"BLZ",15,44.004361055738
"237","Belize",2016,"BLZ",15,58.24520876016
"238","Belize",2017,"BLZ",15,58.20876926016
"239","Belize",2018,"BLZ",15,58.17890316016
"241","Bhutan",2000,"BTN",15,41.267148158802
"242","Bhutan",2001,"BTN",15,41.2821824959
"243","Bhutan",2002,"BTN",15,41.298646385634
"244","Bhutan",2003,"BTN",15,41.317396351212
"245","Bhutan",2004,"BTN",15,41.544856828938
"246","Bhutan",2005,"BTN",15,41.566394173964
"247","Bhutan",2006,"BTN",15,41.589647133704
"248","Bhutan",2007,"BTN",15,41.608736926074
"249","Bhutan",2008,"BTN",15,42.311381147512
"250","Bhutan",2009,"BTN",15,42.332347807926
"251","Bhutan",2010,"BTN",15,42.351313356402
"252","Bhutan",2011,"BTN",15,42.369993058468
"253","Bhutan",2012,"BTN",15,50.969994888974
"254","Bhutan",2013,"BTN",15,50.98824629088
"255","Bhutan",2014,"BTN",15,51.43957270998
"256","Bhutan",2015,"BTN",15,51.460662847452
"257","Bhutan",2016,"BTN",15,65.762864102094
"258","Bhutan",2017,"BTN",15,68.617862602094
"259","Bhutan",2018,"BTN",15,68.614433002094
"261","Bosnia and Herzegovina",2000,"BIH",15,15.97121258125
"262","Bosnia and Herzegovina",2001,"BIH",15,15.97049808125
"263","Bosnia and Herzegovina",2002,"BIH",15,15.96964068125
"264","Bosnia and Herzegovina",2003,"BIH",15,15.96935488125
"265","Bosnia and Herzegovina",2004,"BIH",15,15.96935488125
"266","Bosnia and Herzegovina",2005,"BIH",15,15.96992648125
"267","Bosnia and Herzegovina",2006,"BIH",15,15.97006938125
"268","Bosnia and Herzegovina",2007,"BIH",15,17.48532924925
"269","Bosnia and Herzegovina",2008,"BIH",15,21.04230323325
"270","Bosnia and Herzegovina",2009,"BIH",15,21.04273193325
"271","Bosnia and Herzegovina",2010,"BIH",15,21.04373223325
"272","Bosnia and Herzegovina",2011,"BIH",15,35.33444673325
"273","Bosnia and Herzegovina",2012,"BIH",15,35.33516123325
"274","Bosnia and Herzegovina",2013,"BIH",15,35.33587573325
"275","Bosnia and Herzegovina",2014,"BIH",15,35.33644733325
"276","Bosnia and Herzegovina",2015,"BIH",15,35.33673313325
"277","Bosnia and Herzegovina",2016,"BIH",15,49.62759053325
"278","Bosnia and Herzegovina",2017,"BIH",15,49.62787633325
"279","Bosnia and Herzegovina",2018,"BIH",15,49.62844793325
"281","Botswana",2000,"BWA",15,26.128378819394
"282","Botswana",2001,"BWA",15,26.112604637066
"283","Botswana",2002,"BWA",15,26.09711637826
"284","Botswana",2003,"BWA",15,26.081199296646
"285","Botswana",2004,"BWA",15,26.065568137126
"286","Botswana",2005,"BWA",15,40.338222055512
"287","Botswana",2006,"BWA",15,40.3213827729346
"288","Botswana",2007,"BWA",15,40.3040761139682
"289","Botswana",2008,"BWA",15,40.2867305316402
"290","Botswana",2009,"BWA",15,40.2677743729946
"291","Botswana",2010,"BWA",15,40.249065090916
"292","Botswana",2011,"BWA",15,40.2327966456834
"293","Botswana",2012,"BWA",15,43.0770808803618
"294","Botswana",2013,"BWA",15,43.0650617176878
"295","Botswana",2014,"BWA",15,43.0533118110454
"296","Botswana",2015,"BWA",15,43.042254985314
"297","Botswana",2016,"BWA",15,57.318807599832
"298","Botswana",2017,"BWA",15,57.318093099832
"299","Botswana",2018,"BWA",15,57.317664399832
"301","Brazil",2000,"BRA",15,26.672234677136
"302","Brazil",2001,"BRA",15,27.024828079474
"303","Brazil",2002,"BRA",15,41.75210366959
"304","Brazil",2003,"BRA",15,41.97489763777
"305","Brazil",2004,"BRA",15,42.173619436728
"306","Brazil",2005,"BRA",15,42.37369785575
"307","Brazil",2006,"BRA",15,42.7435746955622
"308","Brazil",2007,"BRA",15,42.8243615111
"309","Brazil",2008,"BRA",15,42.97736020065
"310","Brazil",2009,"BRA",15,43.0381545943522
"311","Brazil",2010,"BRA",15,43.215597569106
"312","Brazil",2011,"BRA",15,43.2143810077878
"313","Brazil",2012,"BRA",15,51.7830758726176
"314","Brazil",2013,"BRA",15,51.7807936152126
"315","Brazil",2014,"BRA",15,51.775155696364
"316","Brazil",2015,"BRA",15,51.761904819612
"317","Brazil",2016,"BRA",15,66.036246987456
"318","Brazil",2017,"BRA",15,66.052800191456
"319","Brazil",2018,"BRA",15,66.049300904456
"321","Brunei Darussalam",2000,"BRN",15,31.829171736334
"322","Brunei Darussalam",2001,"BRN",15,31.774913034376
"323","Brunei Darussalam",2002,"BRN",15,31.727227732418
"324","Brunei Darussalam",2003,"BRN",15,31.688116843866
"325","Brunei Darussalam",2004,"BRN",15,31.642860841908
"326","Brunei Darussalam",2005,"BRN",15,31.60732203995
"327","Brunei Darussalam",2006,"BRN",15,31.563438258422
"328","Brunei Darussalam",2007,"BRN",15,31.520657338947
"329","Brunei Darussalam",2008,"BRN",15,31.475407607623
"330","Brunei Darussalam",2009,"BRN",15,31.427831137638
"331","Brunei Darussalam",2010,"BRN",15,31.388074655804
"332","Brunei Darussalam",2011,"BRN",15,31.369217285294
"333","Brunei Darussalam",2012,"BRN",15,31.358142900039
"334","Brunei Darussalam",2013,"BRN",15,31.346277500039
"335","Brunei Darussalam",2014,"BRN",15,31.337193585294
"336","Brunei Darussalam",2015,"BRN",15,45.610888155804
"337","Brunei Darussalam",2016,"BRN",15,59.882596955804
"338","Brunei Darussalam",2017,"BRN",15,59.854302755804
"339","Brunei Darussalam",2018,"BRN",15,59.844013955804
"341","Burkina Faso",2000,"BFA",15,49.817058787934
"342","Burkina Faso",2001,"BFA",15,49.797211962258
"343","Burkina Faso",2002,"BFA",15,49.77707923805
"344","Burkina Faso",2003,"BFA",15,49.757232469494
"345","Burkina Faso",2004,"BFA",15,49.737671402406
"346","Burkina Faso",2005,"BFA",15,49.71753889097
"347","Burkina Faso",2006,"BFA",15,49.696497250434
"348","Burkina Faso",2007,"BFA",15,49.675455609184
"349","Burkina Faso",2008,"BFA",15,49.653556568648
"350","Burkina Faso",2009,"BFA",15,50.271014697112
"351","Burkina Faso",2010,"BFA",15,50.247544112148
"352","Burkina Faso",2011,"BFA",15,50.226149799006
"353","Burkina Faso",2012,"BFA",15,61.645950175974
"354","Burkina Faso",2013,"BFA",15,61.626229418582
"355","Burkina Faso",2014,"BFA",15,61.607128653968
"356","Burkina Faso",2015,"BFA",15,61.587932181898
"357","Burkina Faso",2016,"BFA",15,75.861897830942
"358","Burkina Faso",2017,"BFA",15,75.861469130942
"359","Burkina Faso",2018,"BFA",15,75.860897530942
"361","Burundi",2000,"BDI",15,44.7649156947036
"362","Burundi",2001,"BDI",15,44.7367740011832
"363","Burundi",2002,"BDI",15,44.9849786712758
"364","Burundi",2003,"BDI",15,44.9788121172334
"365","Burundi",2004,"BDI",15,44.9825613401614
"366","Burundi",2005,"BDI",15,44.9979412255256
"367","Burundi",2006,"BDI",15,45.396737195642
"368","Burundi",2007,"BDI",15,45.8406760486536
"369","Burundi",2008,"BDI",15,46.245811595056
"370","Burundi",2009,"BDI",15,46.5645349243824
"371","Burundi",2010,"BDI",15,46.7686786274308
"372","Burundi",2011,"BDI",15,46.86195582493
"373","Burundi",2012,"BDI",15,58.3579053394544
"374","Burundi",2013,"BDI",15,58.4000378503404
"375","Burundi",2014,"BDI",15,58.385976533118
"376","Burundi",2015,"BDI",15,58.33879943147
"377","Burundi",2016,"BDI",15,72.641589167814
"378","Burundi",2017,"BDI",15,72.641446267814
"379","Burundi",2018,"BDI",15,72.641446267814
"381","Cambodia",2000,"KHM",15,32.546820145034
"382","Cambodia",2001,"KHM",15,32.42992967118
"383","Cambodia",2002,"KHM",15,46.599609596612
"384","Cambodia",2003,"KHM",15,46.479575322758
"385","Cambodia",2004,"KHM",15,47.871287496904
"386","Cambodia",2005,"KHM",15,47.74696622305
"387","Cambodia",2006,"KHM",15,47.6514909540378
"388","Cambodia",2007,"KHM",15,47.674966841487
"389","Cambodia",2008,"KHM",15,47.569329836929
"390","Cambodia",2009,"KHM",15,47.4909682451898
"391","Cambodia",2010,"KHM",15,47.3898882058
"392","Cambodia",2011,"KHM",15,47.2951331708362
"393","Cambodia",2012,"KHM",15,52.920627014067
"394","Cambodia",2013,"KHM",15,52.806362945023
"395","Cambodia",2014,"KHM",15,52.6992069533882
"396","Cambodia",2015,"KHM",15,52.607791055264
"397","Cambodia",2016,"KHM",15,66.78281168622
"398","Cambodia",2017,"KHM",15,66.72808098622
"399","Cambodia",2018,"KHM",15,66.69850068622
"401","Cameroon",2000,"CMR",15,34.946871334982
"402","Cameroon",2001,"CMR",15,36.067418249456
"403","Cameroon",2002,"CMR",15,36.05414183754
"404","Cameroon",2003,"CMR",15,36.046051965218
"405","Cameroon",2004,"CMR",15,36.04606031045
"406","Cameroon",2005,"CMR",15,36.563180312928
"407","Cameroon",2006,"CMR",15,36.6894133522944
"408","Cameroon",2007,"CMR",15,37.1608568738944
"409","Cameroon",2008,"CMR",15,37.415589087664
"410","Cameroon",2009,"CMR",15,38.0403493115276
"411","Cameroon",2010,"CMR",15,38.127543054588
"412","Cameroon",2011,"CMR",15,38.1108724935892
"413","Cameroon",2012,"CMR",15,50.8119497718988
"414","Cameroon",2013,"CMR",15,50.7764342962308
"415","Cameroon",2014,"CMR",15,50.7306389635852
"416","Cameroon",2015,"CMR",15,50.679565273248
"417","Cameroon",2016,"CMR",15,64.93362049758
"418","Cameroon",2017,"CMR",15,64.93176279758
"419","Cameroon",2018,"CMR",15,67.79133409758
"421","Canada",2000,"CAN",15,36.24013550993
"422","Canada",2001,"CAN",15,36.27528683505
"423","Canada",2002,"CAN",15,36.291426972554
"424","Canada",2003,"CAN",15,36.568656068674
"425","Canada",2004,"CAN",15,36.565283357178
"426","Canada",2005,"CAN",15,36.820613129584
"427","Canada",2006,"CAN",15,36.901794903374
"428","Canada",2007,"CAN",15,36.94949606578
"429","Canada",2008,"CAN",15,37.17618584557
"430","Canada",2009,"CAN",15,37.182596079976
"431","Canada",2010,"CAN",15,37.576560115052
"432","Canada",2011,"CAN",15,37.579812243876
"433","Canada",2012,"CAN",15,40.435387980986
"434","Canada",2013,"CAN",15,40.448042810194
"435","Canada",2014,"CAN",15,40.445068167304
"436","Canada",2015,"CAN",15,40.461300193128
"437","Canada",2016,"CAN",15,54.880106073238
"438","Canada",2017,"CAN",15,58.358393898238
"439","Canada",2018,"CAN",15,58.354106898238
"441","Chad",2000,"TCD",15,39.5801768510814
"442","Chad",2001,"TCD",15,40.006185025331
"443","Chad",2002,"TCD",15,39.9987997265806
"444","Chad",2003,"TCD",15,39.9914144278302
"445","Chad",2004,"TCD",15,39.9844578291512
"446","Chad",2005,"TCD",15,39.9763580304008
"447","Chad",2006,"TCD",15,39.9309641158178
"448","Chad",2007,"TCD",15,39.8899669768492
"449","Chad",2008,"TCD",15,39.8553672411982
"450","Chad",2009,"TCD",15,39.8260216534584
"451","Chad",2010,"TCD",15,39.803359241333
"452","Chad",2011,"TCD",15,39.7832619910378
"453","Chad",2012,"TCD",15,45.4863616373324
"454","Chad",2013,"TCD",15,45.4703361433916
"455","Chad",2014,"TCD",15,45.4569260269728
"456","Chad",2015,"TCD",15,45.4458955522652
"457","Chad",2016,"TCD",15,59.724715788911
"458","Chad",2017,"TCD",15,59.720142988911
"459","Chad",2018,"TCD",15,59.718285288911
"461","Chile",2000,"CHL",15,22.187966139348
"462","Chile",2001,"CHL",15,22.146634920308
"463","Chile",2002,"CHL",15,22.110917845284
"464","Chile",2003,"CHL",15,36.35766935478
"465","Chile",2004,"CHL",15,36.345924314292
"466","Chile",2005,"CHL",15,36.532815297038
"467","Chile",2006,"CHL",15,36.484831952265
"468","Chile",2007,"CHL",15,36.4403813608798
"469","Chile",2008,"CHL",15,36.3998044366138
"470","Chile",2009,"CHL",15,36.341838937709
"471","Chile",2010,"CHL",15,36.526555639834
"472","Chile",2011,"CHL",15,36.505091341489
"473","Chile",2012,"CHL",15,36.4818414626762
"474","Chile",2013,"CHL",15,36.8870592756022
"475","Chile",2014,"CHL",15,37.099586378703
"476","Chile",2015,"CHL",15,37.2264567199
"477","Chile",2016,"CHL",15,54.345609860426
"478","Chile",2017,"CHL",15,54.288190013426
"479","Chile",2018,"CHL",15,54.416705337426
"481","China",2000,"CHN",15,30.290223992
"482","China",2001,"CHN",15,30.5153549039036
"483","China",2002,"CHN",15,30.6755020662268
"484","China",2003,"CHN",15,31.196055828684
"485","China",2004,"CHN",15,31.315729342418
"486","China",2005,"CHN",15,31.372732492
"487","China",2006,"CHN",15,31.7791349747746
"488","China",2007,"CHN",15,31.7885249810666
"489","China",2008,"CHN",15,31.7742124626666
"490","China",2009,"CHN",15,31.7993124104486
"491","China",2010,"CHN",15,31.778453831
"492","China",2011,"CHN",15,31.868596132755
"493","China",2012,"CHN",15,34.690452692727
"494","China",2013,"CHN",15,34.7366704396574
"495","China",2014,"CHN",15,34.7040252345706
"496","China",2015,"CHN",15,34.669913032
"497","China",2016,"CHN",15,48.925294869
"498","China",2017,"CHN",15,48.883713112
"499","China",2018,"CHN",15,48.920330362
"501","Colombia",2000,"COL",15,20.868131566
"502","Colombia",2001,"COL",15,20.863662602924
"503","Colombia",2002,"COL",15,20.845841947554
"504","Colombia",2003,"COL",15,20.82282864728
"505","Colombia",2004,"COL",15,20.812169508164
"506","Colombia",2005,"COL",15,35.274587039
"507","Colombia",2006,"COL",15,35.5550694915696
"508","Colombia",2007,"COL",15,35.9599760982868
"509","Colombia",2008,"COL",15,36.3466625798428
"510","Colombia",2009,"COL",15,36.7106512077116
"511","Colombia",2010,"COL",15,36.741968093
"512","Colombia",2011,"COL",15,38.0675805855064
"513","Colombia",2012,"COL",15,38.1008352659352
"514","Colombia",2013,"COL",15,38.2397647219292
"515","Colombia",2014,"COL",15,38.2867719916664
"516","Colombia",2015,"COL",15,38.752584038
"517","Colombia",2016,"COL",15,53.25523687
"518","Colombia",2017,"COL",15,53.734529876
"519","Colombia",2018,"COL",15,53.709808176
"521","Costa Rica",2000,"CRI",15,36.675684719
"522","Costa Rica",2001,"CRI",15,36.9169848915762
"523","Costa Rica",2002,"CRI",15,37.2050055042238
"524","Costa Rica",2003,"CRI",15,37.4915847018
"525","Costa Rica",2004,"CRI",15,37.755388766162
"526","Costa Rica",2005,"CRI",15,38.001874780238
"527","Costa Rica",2006,"CRI",15,38.2591096453704
"528","Costa Rica",2007,"CRI",15,38.5010806811176
"529","Costa Rica",2008,"CRI",15,38.7516143191936
"530","Costa Rica",2009,"CRI",15,38.9913097391704
"531","Costa Rica",2010,"CRI",15,39.253526753762
"532","Costa Rica",2011,"CRI",15,39.5141078110676
"533","Costa Rica",2012,"CRI",15,48.3499548660444
"534","Costa Rica",2013,"CRI",15,48.6080750084064
"535","Costa Rica",2014,"CRI",15,48.8725694938676
"536","Costa Rica",2015,"CRI",15,49.129887816
"537","Costa Rica",2016,"CRI",15,63.677053555362
"538","Costa Rica",2017,"CRI",15,63.889525455438
"539","Costa Rica",2018,"CRI",15,66.9684621508
"541","Croatia",2000,"HRV",15,34.540082905
"542","Croatia",2001,"HRV",15,34.5665880297442
"543","Croatia",2002,"HRV",15,34.5731445547806
"544","Croatia",2003,"HRV",15,34.5892903331806
"545","Croatia",2004,"HRV",15,34.5950722669442
"546","Croatia",2005,"HRV",15,34.603998548
"547","Croatia",2006,"HRV",15,34.6754832983776
"548","Croatia",2007,"HRV",15,34.6849807907804
"549","Croatia",2008,"HRV",15,34.6946810704016
"550","Croatia",2009,"HRV",15,34.7038751793492
"551","Croatia",2010,"HRV",15,34.712629592
"552","Croatia",2011,"HRV",15,35.5553694180972
"553","Croatia",2012,"HRV",15,46.9949638446458
"554","Croatia",2013,"HRV",15,57.1032905566458
"555","Croatia",2014,"HRV",15,57.1000046500972
"556","Croatia",2015,"HRV",15,57.099754582
"557","Croatia",2016,"HRV",15,71.390122192
"558","Croatia",2017,"HRV",15,71.389693492
"559","Croatia",2018,"HRV",15,71.388836092
"561","Cuba",2000,"CUB",15,26.632935656
"562","Cuba",2001,"CUB",15,30.559124742824
"563","Cuba",2002,"CUB",15,30.839228914736
"564","Cuba",2003,"CUB",15,30.902423550736
"565","Cuba",2004,"CUB",15,30.962263922824
"566","Cuba",2005,"CUB",15,31.021267453
"567","Cuba",2006,"CUB",15,31.0666212502084
"568","Cuba",2007,"CUB",15,31.1078318446606
"569","Cuba",2008,"CUB",15,32.8761226688386
"570","Cuba",2009,"CUB",15,32.9242538191384
"571","Cuba",2010,"CUB",15,39.094058113
"572","Cuba",2011,"CUB",15,39.1445829235016
"573","Cuba",2012,"CUB",15,45.5314511830794
"574","Cuba",2013,"CUB",15,45.6301510853014
"575","Cuba",2014,"CUB",15,45.6866699119536
"576","Cuba",2015,"CUB",15,45.737703969
"577","Cuba",2016,"CUB",15,62.915064275
"578","Cuba",2017,"CUB",15,62.893629275
"579","Cuba",2018,"CUB",15,62.875766775
"581","Djibouti",2000,"DJI",15,12.34680425464
"582","Djibouti",2001,"DJI",15,26.60036475464
"583","Djibouti",2002,"DJI",15,26.56421105464
"584","Djibouti",2003,"DJI",15,26.52205555464
"585","Djibouti",2004,"DJI",15,26.48004295464
"586","Djibouti",2005,"DJI",15,26.45503545464
"587","Djibouti",2006,"DJI",15,26.42031075464
"588","Djibouti",2007,"DJI",15,26.38487155464
"589","Djibouti",2008,"DJI",15,26.35314775464
"590","Djibouti",2009,"DJI",15,26.32056655464
"591","Djibouti",2010,"DJI",15,26.29127205464
"592","Djibouti",2011,"DJI",15,26.24897365464
"593","Djibouti",2012,"DJI",15,31.93439185464
"594","Djibouti",2013,"DJI",15,32.12342814364
"595","Djibouti",2014,"DJI",15,32.08741734364
"596","Djibouti",2015,"DJI",15,32.04268964364
"597","Djibouti",2016,"DJI",15,32.01482414364
"598","Djibouti",2017,"DJI",15,31.96923904364
"599","Djibouti",2018,"DJI",15,31.92879834364
"601","Ecuador",2000,"ECU",15,22.571053367
"602","Ecuador",2001,"ECU",15,36.77815570488
"603","Ecuador",2002,"ECU",15,37.04434718332
"604","Ecuador",2003,"ECU",15,36.97317709532
"605","Ecuador",2004,"ECU",15,37.01928973388
"606","Ecuador",2005,"ECU",15,36.946726827
"607","Ecuador",2006,"ECU",15,36.863556858528
"608","Ecuador",2007,"ECU",15,36.764411998464
"609","Ecuador",2008,"ECU",15,36.676420138536
"610","Ecuador",2009,"ECU",15,36.601359490472
"611","Ecuador",2010,"ECU",15,37.041317128
"612","Ecuador",2011,"ECU",15,36.95171901212
"613","Ecuador",2012,"ECU",15,48.39587478568
"614","Ecuador",2013,"ECU",15,48.30201992168
"615","Ecuador",2014,"ECU",15,48.31024446712
"616","Ecuador",2015,"ECU",15,48.219980963
"617","Ecuador",2016,"ECU",15,65.269646962
"618","Ecuador",2017,"ECU",15,65.615396276
"619","Ecuador",2018,"ECU",15,65.598704284
"621","El Salvador",2000,"SLV",15,28.650212889
"622","El Salvador",2001,"SLV",15,28.606352975
"623","El Salvador",2002,"SLV",15,28.569066461
"624","El Salvador",2003,"SLV",15,28.542211647
"625","El Salvador",2004,"SLV",15,28.500495947
"626","El Salvador",2005,"SLV",15,31.827081051
"627","El Salvador",2006,"SLV",15,31.7850756177796
"628","El Salvador",2007,"SLV",15,32.0338173604112
"629","El Salvador",2008,"SLV",15,32.3329868692146
"630","El Salvador",2009,"SLV",15,32.9789402742194
"631","El Salvador",2010,"SLV",15,34.779286567
"632","El Salvador",2011,"SLV",15,34.7958489993082
"633","El Salvador",2012,"SLV",15,37.614963849998
"634","El Salvador",2013,"SLV",15,37.578511059998
"635","El Salvador",2014,"SLV",15,37.6361302853082
"636","El Salvador",2015,"SLV",15,37.593964986
"637","El Salvador",2016,"SLV",15,51.852511882
"638","El Salvador",2017,"SLV",15,51.829076282
"639","El Salvador",2018,"SLV",15,51.799781782
"641","Eritrea",2000,"ERI",15,32.108000738
"642","Eritrea",2001,"ERI",15,32.071880654
"643","Eritrea",2002,"ERI",15,32.040046856
"644","Eritrea",2003,"ERI",15,31.998353672
"645","Eritrea",2004,"ERI",15,31.951801174
"646","Eritrea",2005,"ERI",15,31.90496359
"647","Eritrea",2006,"ERI",15,31.8732917320238
"648","Eritrea",2007,"ERI",15,31.839610468
"649","Eritrea",2008,"ERI",15,31.789486184
"650","Eritrea",2009,"ERI",15,31.7613582660238
"651","Eritrea",2010,"ERI",15,31.720217642
"652","Eritrea",2011,"ERI",15,31.6890507439762
"653","Eritrea",2012,"ERI",15,34.50797686
"654","Eritrea",2013,"ERI",15,34.463710862
"655","Eritrea",2014,"ERI",15,34.4238278779762
"656","Eritrea",2015,"ERI",15,34.393042894
"657","Eritrea",2016,"ERI",15,48.636633296
"658","Eritrea",2017,"ERI",15,48.610053896
"659","Eritrea",2018,"ERI",15,51.423325596
"661","Ethiopia",2000,"ETH",15,16.922639207
"662","Ethiopia",2001,"ETH",15,16.911857307
"663","Ethiopia",2002,"ETH",15,16.903218907
"664","Ethiopia",2003,"ETH",15,16.893437307
"665","Ethiopia",2004,"ETH",15,16.886942407
"666","Ethiopia",2005,"ETH",15,16.873874107
"667","Ethiopia",2006,"ETH",15,31.1495200783204
"668","Ethiopia",2007,"ETH",15,31.2556405239806
"669","Ethiopia",2008,"ETH",15,31.2440161039806
"670","Ethiopia",2009,"ETH",15,31.2358285383204
"671","Ethiopia",2010,"ETH",15,31.227362427
"672","Ethiopia",2011,"ETH",15,31.2381328756796
"673","Ethiopia",2012,"ETH",15,42.6946060700194
"674","Ethiopia",2013,"ETH",15,42.7177823100194
"675","Ethiopia",2014,"ETH",15,42.7510911956796
"676","Ethiopia",2015,"ETH",15,42.789674127
"677","Ethiopia",2016,"ETH",15,57.082430067
"678","Ethiopia",2017,"ETH",15,57.081286867
"679","Ethiopia",2018,"ETH",15,59.943430367
"681","Finland",2000,"FIN",15,53.802889485
"682","Finland",2001,"FIN",15,53.812328430648
"683","Finland",2002,"FIN",15,53.853451606072
"684","Finland",2003,"FIN",15,53.859626906272
"685","Finland",2004,"FIN",15,54.017955949248
"686","Finland",2005,"FIN",15,54.016003036
"687","Finland",2006,"FIN",15,54.043386994062
"688","Finland",2007,"FIN",15,54.057940395289
"689","Finland",2008,"FIN",15,54.073547128983
"690","Finland",2009,"FIN",15,54.086167306072
"691","Finland",2010,"FIN",15,54.092405718
"692","Finland",2011,"FIN",15,54.101094168766
"693","Finland",2012,"FIN",15,65.540263200649
"694","Finland",2013,"FIN",15,65.539326432649
"695","Finland",2014,"FIN",15,65.537419938766
"696","Finland",2015,"FIN",15,65.533835074
"697","Finland",2016,"FIN",15,79.824215279
"698","Finland",2017,"FIN",15,82.684215279
"699","Finland",2018,"FIN",15,82.684215279
"701","France",2000,"FRA",15,25.507540367
"702","France",2001,"FRA",15,25.857754657
"703","France",2002,"FRA",15,28.221976417
"704","France",2003,"FRA",15,28.529616521
"705","France",2004,"FRA",15,43.171448223
"706","France",2005,"FRA",15,43.640778874
"707","France",2006,"FRA",15,46.2329592432218
"708","France",2007,"FRA",15,46.270121515297
"709","France",2008,"FRA",15,46.312724559297
"710","France",2009,"FRA",15,46.3905574062218
"711","France",2010,"FRA",15,46.423164118
"712","France",2011,"FRA",15,46.4619453833466
"713","France",2012,"FRA",15,55.0888265216984
"714","France",2013,"FRA",15,55.144224832427
"715","France",2014,"FRA",15,55.1491757044144
"716","France",2015,"FRA",15,55.202834865
"717","France",2016,"FRA",15,69.463130281
"718","France",2017,"FRA",15,69.44495641
"719","France",2018,"FRA",15,70.365874031
"721","Georgia",2000,"GEO",15,19.861297982
"722","Georgia",2001,"GEO",15,19.855312332
"723","Georgia",2002,"GEO",15,19.851755982
"724","Georgia",2003,"GEO",15,21.061676413
"725","Georgia",2004,"GEO",15,21.049546063
"726","Georgia",2005,"GEO",15,35.302979813
"727","Georgia",2006,"GEO",15,35.6567492260974
"728","Georgia",2007,"GEO",15,36.5534832096104
"729","Georgia",2008,"GEO",15,36.5271525776104
"730","Georgia",2009,"GEO",15,36.5282701310974
"731","Georgia",2010,"GEO",15,36.529398356
"732","Georgia",2011,"GEO",15,38.2886798429026
"733","Georgia",2012,"GEO",15,38.4332381353896
"734","Georgia",2013,"GEO",15,38.4203946663896
"735","Georgia",2014,"GEO",15,38.7427463679026
"736","Georgia",2015,"GEO",15,38.726098677
"737","Georgia",2016,"GEO",15,53.011097177
"738","Georgia",2017,"GEO",15,53.006095677
"739","Georgia",2018,"GEO",15,52.999950977
"741","Germany",2000,"DEU",15,29.709071421
"742","Germany",2001,"DEU",15,31.017434774
"743","Germany",2002,"DEU",15,31.391438163
"744","Germany",2003,"DEU",15,31.499358996
"745","Germany",2004,"DEU",15,33.389461751
"746","Germany",2005,"DEU",15,33.629311231
"747","Germany",2006,"DEU",15,34.4035066505308
"748","Germany",2007,"DEU",15,49.2815604563222
"749","Germany",2008,"DEU",15,49.6411236776508
"750","Germany",2009,"DEU",15,49.705609548529
"751","Germany",2010,"DEU",15,49.743238636
"752","Germany",2011,"DEU",15,49.7545140606868
"753","Germany",2012,"DEU",15,61.2022602528158
"754","Germany",2013,"DEU",15,61.2128745228158
"755","Germany",2014,"DEU",15,61.4109710296868
"756","Germany",2015,"DEU",15,61.409694542
"757","Germany",2016,"DEU",15,75.78864828
"758","Germany",2017,"DEU",15,75.78921988
"759","Germany",2018,"DEU",15,75.789221309
"761","Greece",2000,"GRC",15,26.441986469
"762","Greece",2001,"GRC",15,27.6727754779618
"763","Greece",2002,"GRC",15,29.0517561667784
"764","Greece",2003,"GRC",15,29.1220736993784
"765","Greece",2004,"GRC",15,29.1575240557618
"766","Greece",2005,"GRC",15,29.376456959
"767","Greece",2006,"GRC",15,29.7332268790862
"768","Greece",2007,"GRC",15,29.7545403801774
"769","Greece",2008,"GRC",15,30.6829649786406
"770","Greece",2009,"GRC",15,30.9198725219256
"771","Greece",2010,"GRC",15,32.609981613
"772","Greece",2011,"GRC",15,32.6272486308748
"773","Greece",2012,"GRC",15,35.5044607928122
"774","Greece",2013,"GRC",15,35.5213322988122
"775","Greece",2014,"GRC",15,49.8277202488748
"776","Greece",2015,"GRC",15,49.843767543
"777","Greece",2016,"GRC",15,64.150638749
"778","Greece",2017,"GRC",15,64.165517638
"779","Greece",2018,"GRC",15,64.165660538
"781","Guatemala",2000,"GTM",15,35.926425473
"782","Guatemala",2001,"GTM",15,35.808572735698
"783","Guatemala",2002,"GTM",15,35.694014385904
"784","Guatemala",2003,"GTM",15,35.603640399904
"785","Guatemala",2004,"GTM",15,35.517905538698
"786","Guatemala",2005,"GTM",15,35.490672128
"787","Guatemala",2006,"GTM",15,35.667796739639
"788","Guatemala",2007,"GTM",15,36.1535719652782
"789","Guatemala",2008,"GTM",15,36.0907498297502
"790","Guatemala",2009,"GTM",15,36.010379738751
"791","Guatemala",2010,"GTM",15,35.942421839
"792","Guatemala",2011,"GTM",15,35.872382814391
"793","Guatemala",2012,"GTM",15,47.233649127589
"794","Guatemala",2013,"GTM",15,47.1779689305366
"795","Guatemala",2014,"GTM",15,47.2222939206102
"796","Guatemala",2015,"GTM",15,47.140774962
"797","Guatemala",2016,"GTM",15,61.426169197
"798","Guatemala",2017,"GTM",15,61.406191966
"799","Guatemala",2018,"GTM",15,64.241470266
"801","Guinea",2000,"GIN",15,29.777939893
"802","Guinea",2001,"GIN",15,44.050476979
"803","Guinea",2002,"GIN",15,45.337040688
"804","Guinea",2003,"GIN",15,45.320292988
"805","Guinea",2004,"GIN",15,45.302544274
"806","Guinea",2005,"GIN",15,45.46443876
"807","Guinea",2006,"GIN",15,45.4490072302928
"808","Guinea",2007,"GIN",15,45.4299904713222
"809","Guinea",2008,"GIN",15,45.4121025986508
"810","Guinea",2009,"GIN",15,45.395910897291
"811","Guinea",2010,"GIN",15,45.382269804
"812","Guinea",2011,"GIN",15,45.3667399479248
"813","Guinea",2012,"GIN",15,51.0727444128158
"814","Guinea",2013,"GIN",15,51.0525665988158
"815","Guinea",2014,"GIN",15,51.0379250199248
"816","Guinea",2015,"GIN",15,51.026531848
"817","Guinea",2016,"GIN",15,65.291209434
"818","Guinea",2017,"GIN",15,65.290209134
"819","Guinea",2018,"GIN",15,65.282206734
"821","Hungary",2000,"HUN",15,26.803992368
"822","Hungary",2001,"HUN",15,26.88259491243
"823","Hungary",2002,"HUN",15,27.070869282426
"824","Hungary",2003,"HUN",15,27.38566124835
"825","Hungary",2004,"HUN",15,33.655505486436
"826","Hungary",2005,"HUN",15,33.752383053
"827","Hungary",2006,"HUN",15,33.9663687543682
"828","Hungary",2007,"HUN",15,34.3389286655314
"829","Hungary",2008,"HUN",15,49.0640842567738
"830","Hungary",2009,"HUN",15,49.4318251211404
"831","Hungary",2010,"HUN",15,49.808164135
"832","Hungary",2011,"HUN",15,49.8233177782802
"833","Hungary",2012,"HUN",15,61.2657800646746
"834","Hungary",2013,"HUN",15,61.2653893821246
"835","Hungary",2014,"HUN",15,61.2636271335482
"836","Hungary",2015,"HUN",15,61.25912467
"837","Hungary",2016,"HUN",15,75.553896418
"838","Hungary",2017,"HUN",15,75.555468318
"839","Hungary",2018,"HUN",15,75.556754418
"841","India",2000,"IND",15,32.475541518
"842","India",2001,"IND",15,32.504096817314
"843","India",2002,"IND",15,32.616479209414
"844","India",2003,"IND",15,32.632688053014
"845","India",2004,"IND",15,32.631182292114
"846","India",2005,"IND",15,32.613191903
"847","India",2006,"IND",15,32.5774866038052
"848","India",2007,"IND",15,32.5339735183912
"849","India",2008,"IND",15,32.5131796531146
"850","India",2009,"IND",15,32.471054063361
"851","India",2010,"IND",15,32.434180814
"852","India",2011,"IND",15,32.3889466258614
"853","India",2012,"IND",15,44.7245576744704
"854","India",2013,"IND",15,44.6663979744704
"855","India",2014,"IND",15,44.6313187058614
"856","India",2015,"IND",15,44.569094008
"857","India",2016,"IND",15,58.792780354
"858","India",2017,"IND",15,58.737478054
"859","India",2018,"IND",15,61.537602954
"861","Indonesia",2000,"IDN",15,34.773323067
"862","Indonesia",2001,"IDN",15,34.756385122662
"863","Indonesia",2002,"IDN",15,34.67197398225
"864","Indonesia",2003,"IDN",15,34.70901205105
"865","Indonesia",2004,"IDN",15,34.918542263062
"866","Indonesia",2005,"IDN",15,34.929571571
"867","Indonesia",2006,"IDN",15,35.1418530469136
"868","Indonesia",2007,"IDN",15,35.3016091399804
"869","Indonesia",2008,"IDN",15,35.4174881576064
"870","Indonesia",2009,"IDN",15,36.0883240630736
"871","Indonesia",2010,"IDN",15,36.068457203
"872","Indonesia",2011,"IDN",15,36.325574758052
"873","Indonesia",2012,"IDN",15,42.3538122965908
"874","Indonesia",2013,"IDN",15,42.5937805941198
"875","Indonesia",2014,"IDN",15,42.7725150145512
"876","Indonesia",2015,"IDN",15,42.775251576
"877","Indonesia",2016,"IDN",15,42.815695274
"878","Indonesia",2017,"IDN",15,42.977413394
"879","Indonesia",2018,"IDN",15,42.900772992
"881","Iraq",2000,"IRQ",15,12.301320878
"882","Iraq",2001,"IRQ",15,12.2458184294
"883","Iraq",2002,"IRQ",15,12.1711673808
"884","Iraq",2003,"IRQ",15,12.5623703322
"885","Iraq",2004,"IRQ",15,12.5091542836
"886","Iraq",2005,"IRQ",15,12.476087135
"887","Iraq",2006,"IRQ",15,12.4178820349762
"888","Iraq",2007,"IRQ",15,12.505892256
"889","Iraq",2008,"IRQ",15,12.466310656
"890","Iraq",2009,"IRQ",15,12.4339142203762
"891","Iraq",2010,"IRQ",15,12.4059540204
"892","Iraq",2011,"IRQ",15,12.3687621404238
"893","Iraq",2012,"IRQ",15,12.3248729004
"894","Iraq",2013,"IRQ",15,12.3772802934
"895","Iraq",2014,"IRQ",15,15.3057060764238
"896","Iraq",2015,"IRQ",15,29.5638772564
"897","Iraq",2016,"IRQ",15,43.8255477544
"898","Iraq",2017,"IRQ",15,43.7882508544
"899","Iraq",2018,"IRQ",15,43.7593850544
"901","Ireland",2000,"IRL",15,27.0585831802
"902","Ireland",2001,"IRL",15,27.5704637602
"903","Ireland",2002,"IRL",15,43.3180526526
"904","Ireland",2003,"IRL",15,43.7153277336
"905","Ireland",2004,"IRL",15,43.8449209896
"906","Ireland",2005,"IRL",15,43.939765303
"907","Ireland",2006,"IRL",15,44.9975938343428
"908","Ireland",2007,"IRL",15,44.9987851600142
"909","Ireland",2008,"IRL",15,45.0225063700142
"910","Ireland",2009,"IRL",15,45.0381516143428
"911","Ireland",2010,"IRL",15,45.097502292
"912","Ireland",2011,"IRL",15,45.1206162647154
"913","Ireland",2012,"IRL",15,47.9972249743682
"914","Ireland",2013,"IRL",15,47.9963841773324
"915","Ireland",2014,"IRL",15,48.0001679599964
"916","Ireland",2015,"IRL",15,47.995866898
"917","Ireland",2016,"IRL",15,62.285894928
"918","Ireland",2017,"IRL",15,62.280321828
"919","Ireland",2018,"IRL",15,62.272605228
"921","Italy",2000,"ITA",15,32.324565489
"922","Italy",2001,"ITA",15,32.430953336622
"923","Italy",2002,"ITA",15,32.574644540232
"924","Italy",2003,"ITA",15,32.97326009913
"925","Italy",2004,"ITA",15,33.11426466979
"926","Italy",2005,"ITA",15,33.666002527
"927","Italy",2006,"ITA",15,33.9164042573862
"928","Italy",2007,"ITA",15,34.260503908668
"929","Italy",2008,"ITA",15,34.299876174522
"930","Italy",2009,"ITA",15,34.5757384364382
"931","Italy",2010,"ITA",15,48.910202806
"932","Italy",2011,"ITA",15,48.9263680551522
"933","Italy",2012,"ITA",15,51.7975876539128
"934","Italy",2013,"ITA",15,51.8078803101968
"935","Italy",2014,"ITA",15,51.8137215755584
"936","Italy",2015,"ITA",15,51.816624066
"937","Italy",2016,"ITA",15,51.825824826
"938","Italy",2017,"ITA",15,51.822510234
"939","Italy",2018,"ITA",15,51.817651634
"941","Japan",2000,"JPN",15,44.421745453
"942","Japan",2001,"JPN",15,44.6495113458
"943","Japan",2002,"JPN",15,44.7598061906
"944","Japan",2003,"JPN",15,44.9423000564
"945","Japan",2004,"JPN",15,45.1506562952
"946","Japan",2005,"JPN",15,45.459196886
"947","Japan",2006,"JPN",15,45.5518227448
"948","Japan",2007,"JPN",15,45.6879093086
"949","Japan",2008,"JPN",15,45.8158556814
"950","Japan",2009,"JPN",15,45.9013542092
"951","Japan",2010,"JPN",15,45.992505131
"952","Japan",2011,"JPN",15,45.93329829
"953","Japan",2012,"JPN",15,54.566563608
"954","Japan",2013,"JPN",15,57.466257107
"955","Japan",2014,"JPN",15,57.42215874
"956","Japan",2015,"JPN",15,57.371544794
"957","Japan",2016,"JPN",15,71.632365548
"958","Japan",2017,"JPN",15,74.444351148
"959","Japan",2018,"JPN",15,74.396908348
"961","Jordan",2000,"JOR",15,17.8400319684
"962","Jordan",2001,"JOR",15,32.1203147684
"963","Jordan",2002,"JOR",15,32.1127410684
"964","Jordan",2003,"JOR",15,32.1074537684
"965","Jordan",2004,"JOR",15,32.3373415454
"966","Jordan",2005,"JOR",15,32.3356267454
"967","Jordan",2006,"JOR",15,32.3353409454
"968","Jordan",2007,"JOR",15,32.3350551454
"969","Jordan",2008,"JOR",15,32.3336261454
"970","Jordan",2009,"JOR",15,32.332003066
"971","Jordan",2010,"JOR",15,32.430997508
"972","Jordan",2011,"JOR",15,33.040657357
"973","Jordan",2012,"JOR",15,38.807092712
"974","Jordan",2013,"JOR",15,38.875213849
"975","Jordan",2014,"JOR",15,38.872784549
"976","Jordan",2015,"JOR",15,38.870641049
"977","Jordan",2016,"JOR",15,38.868926249
"978","Jordan",2017,"JOR",15,38.867497249
"979","Jordan",2018,"JOR",15,38.864496349
"981","Lebanon",2000,"LBN",15,32.440654412
"982","Lebanon",2001,"LBN",15,32.447617554
"983","Lebanon",2002,"LBN",15,32.453294596
"984","Lebanon",2003,"LBN",15,32.460114838
"985","Lebanon",2004,"LBN",15,32.467363066
"986","Lebanon",2005,"LBN",15,32.474326208
"987","Lebanon",2006,"LBN",15,32.4562727559762
"988","Lebanon",2007,"LBN",15,32.441884504
"989","Lebanon",2008,"LBN",15,32.431304352
"990","Lebanon",2009,"LBN",15,32.4246751999762
"991","Lebanon",2010,"LBN",15,32.42257496
"992","Lebanon",2011,"LBN",15,32.4218101280238
"993","Lebanon",2012,"LBN",15,38.141635436
"994","Lebanon",2013,"LBN",15,38.142479584
"995","Lebanon",2014,"LBN",15,38.1437709720238
"996","Lebanon",2015,"LBN",15,38.1460812
"997","Lebanon",2016,"LBN",15,52.436782448
"998","Lebanon",2017,"LBN",15,55.297068248
"999","Lebanon",2018,"LBN",15,55.297354048
"1001","Liberia",2000,"LBR",15,16.68431101
"1002","Liberia",2001,"LBR",15,16.6652164388922
"1003","Liberia",2002,"LBR",15,16.6479795945026
"1004","Liberia",2003,"LBR",15,34.3519239539026
"1005","Liberia",2004,"LBR",15,34.3256844630922
"1006","Liberia",2005,"LBR",15,34.301588499
"1007","Liberia",2006,"LBR",15,34.269203841
"1008","Liberia",2007,"LBR",15,34.237677297
"1009","Liberia",2008,"LBR",15,34.206436553
"1010","Liberia",2009,"LBR",15,34.176196109
"1011","Liberia",2010,"LBR",15,34.148384965
"1012","Liberia",2011,"LBR",15,34.117572921
"1013","Liberia",2012,"LBR",15,39.810046863
"1014","Liberia",2013,"LBR",15,39.777377119
"1015","Liberia",2014,"LBR",15,39.746850875
"1016","Liberia",2015,"LBR",15,39.718182331
"1017","Liberia",2016,"LBR",15,53.974226287
"1018","Liberia",2017,"LBR",15,53.971654087
"1019","Liberia",2018,"LBR",15,53.959793387
"1021","Madagascar",2000,"MDG",15,21.191377182
"1022","Madagascar",2001,"MDG",15,21.47648863721
"1023","Madagascar",2002,"MDG",15,35.991774055772
"1024","Madagascar",2003,"MDG",15,37.055847622972
"1025","Madagascar",2004,"MDG",15,37.13118402481
"1026","Madagascar",2005,"MDG",15,37.395420923
"1027","Madagascar",2006,"MDG",15,37.3666351877002
"1028","Madagascar",2007,"MDG",15,37.3672181573496
"1029","Madagascar",2008,"MDG",15,37.3147354911436
"1030","Madagascar",2009,"MDG",15,37.2528559896802
"1031","Madagascar",2010,"MDG",15,37.590487759
"1032","Madagascar",2011,"MDG",15,37.5670511059878
"1033","Madagascar",2012,"MDG",15,46.0985653152604
"1034","Madagascar",2013,"MDG",15,46.0584291304604
"1035","Madagascar",2014,"MDG",15,46.0446428815878
"1036","Madagascar",2015,"MDG",15,46.024115112
"1037","Madagascar",2016,"MDG",15,60.276712412
"1038","Madagascar",2017,"MDG",15,63.15345483
"1039","Madagascar",2018,"MDG",15,63.10172503
"1041","Malawi",2000,"MWI",15,28.794438285
"1042","Malawi",2001,"MWI",15,28.766588857
"1043","Malawi",2002,"MWI",15,28.740454229
"1044","Malawi",2003,"MWI",15,28.715891501
"1045","Malawi",2004,"MWI",15,28.694043873
"1046","Malawi",2005,"MWI",15,28.670052745
"1047","Malawi",2006,"MWI",15,42.938822061121
"1048","Malawi",2007,"MWI",15,42.9167833622172
"1049","Malawi",2008,"MWI",15,42.8932214342172
"1050","Malawi",2009,"MWI",15,42.871565877121
"1051","Malawi",2010,"MWI",15,42.845671991
"1052","Malawi",2011,"MWI",15,42.83508
"1053","Malawi",2012,"MWI",15,54.26575
"1054","Malawi",2013,"MWI",15,54.25912
"1055","Malawi",2014,"MWI",15,54.25418
"1056","Malawi",2015,"MWI",15,54.2505
"1057","Malawi",2016,"MWI",15,68.52658
"1058","Malawi",2017,"MWI",15,68.52616
"1059","Malawi",2018,"MWI",15,68.52616
"1061","Malaysia",2000,"MYS",15,40.51411
"1062","Malaysia",2001,"MYS",15,40.45546
"1063","Malaysia",2002,"MYS",15,40.39456
"1064","Malaysia",2003,"MYS",15,40.31154
"1065","Malaysia",2004,"MYS",15,40.20582
"1066","Malaysia",2005,"MYS",15,40.07239
"1067","Malaysia",2006,"MYS",15,40.06122
"1068","Malaysia",2007,"MYS",15,40.03191
"1069","Malaysia",2008,"MYS",15,40.03797
"1070","Malaysia",2009,"MYS",15,39.98103
"1071","Malaysia",2010,"MYS",15,39.91078
"1072","Malaysia",2011,"MYS",15,39.79107
"1073","Malaysia",2012,"MYS",15,45.40713
"1074","Malaysia",2013,"MYS",15,45.27795
"1075","Malaysia",2014,"MYS",15,45.15968
"1076","Malaysia",2015,"MYS",15,45.03589
"1077","Malaysia",2016,"MYS",15,59.20208
"1078","Malaysia",2017,"MYS",15,59.07762
"1079","Malaysia",2018,"MYS",15,61.81001
"1081","Mexico",2000,"MEX",15,30.70496
"1082","Mexico",2001,"MEX",15,30.9522
"1083","Mexico",2002,"MEX",15,31.38562
"1084","Mexico",2003,"MEX",15,31.51907
"1085","Mexico",2004,"MEX",15,31.95747
"1086","Mexico",2005,"MEX",15,32.17371
"1087","Mexico",2006,"MEX",15,32.27362
"1088","Mexico",2007,"MEX",15,32.54435
"1089","Mexico",2008,"MEX",15,32.65971
"1090","Mexico",2009,"MEX",15,33.09796
"1091","Mexico",2010,"MEX",15,33.10299
"1092","Mexico",2011,"MEX",15,33.13959
"1093","Mexico",2012,"MEX",15,41.71332
"1094","Mexico",2013,"MEX",15,41.83248
"1095","Mexico",2014,"MEX",15,41.81106
"1096","Mexico",2015,"MEX",15,41.78539
"1097","Mexico",2016,"MEX",15,56.19686
"1098","Mexico",2017,"MEX",15,56.16639
"1099","Mexico",2018,"MEX",15,56.12673
"1101","Mongolia",2000,"MNG",15,39.40506
"1102","Mongolia",2001,"MNG",15,39.37053
"1103","Mongolia",2002,"MNG",15,39.33741
"1104","Mongolia",2003,"MNG",15,39.30228
"1105","Mongolia",2004,"MNG",15,39.60219
"1106","Mongolia",2005,"MNG",15,39.56757
"1107","Mongolia",2006,"MNG",15,39.64666
"1108","Mongolia",2007,"MNG",15,39.70366
"1109","Mongolia",2008,"MNG",15,39.74543
"1110","Mongolia",2009,"MNG",15,39.76224
"1111","Mongolia",2010,"MNG",15,40.48513
"1112","Mongolia",2011,"MNG",15,40.80198
"1113","Mongolia",2012,"MNG",15,43.97125
"1114","Mongolia",2013,"MNG",15,43.89631
"1115","Mongolia",2014,"MNG",15,43.80076
"1116","Mongolia",2015,"MNG",15,43.68401
"1117","Mongolia",2016,"MNG",15,57.96297
"1118","Mongolia",2017,"MNG",15,58.12515
"1119","Mongolia",2018,"MNG",15,60.977
"1121","Morocco",2000,"MAR",15,14.85403
"1122","Morocco",2001,"MAR",15,14.88124
"1123","Morocco",2002,"MAR",15,29.20043
"1124","Morocco",2003,"MAR",15,29.69605
"1125","Morocco",2004,"MAR",15,31.6386
"1126","Morocco",2005,"MAR",15,32.13369
"1127","Morocco",2006,"MAR",15,32.20985
"1128","Morocco",2007,"MAR",15,32.23962
"1129","Morocco",2008,"MAR",15,32.90595
"1130","Morocco",2009,"MAR",15,32.94557
"1131","Morocco",2010,"MAR",15,32.96565
"1132","Morocco",2011,"MAR",15,32.95892
"1133","Morocco",2012,"MAR",15,49.02204
"1134","Morocco",2013,"MAR",15,49.00725
"1135","Morocco",2014,"MAR",15,48.98614
"1136","Morocco",2015,"MAR",15,48.96544
"1137","Morocco",2016,"MAR",15,63.24387
"1138","Morocco",2017,"MAR",15,63.23601
"1139","Morocco",2018,"MAR",15,63.22401
"1141","Mozambique",2000,"MOZ",15,21.8091
"1142","Mozambique",2001,"MOZ",15,36.04557
"1143","Mozambique",2002,"MOZ",15,35.9875
"1144","Mozambique",2003,"MOZ",15,35.9192
"1145","Mozambique",2004,"MOZ",15,35.91481
"1146","Mozambique",2005,"MOZ",15,35.8526
"1147","Mozambique",2006,"MOZ",15,35.78307
"1148","Mozambique",2007,"MOZ",15,35.72995
"1149","Mozambique",2008,"MOZ",15,35.67308
"1150","Mozambique",2009,"MOZ",15,35.60804
"1151","Mozambique",2010,"MOZ",15,35.55582
"1152","Mozambique",2011,"MOZ",15,35.71631
"1153","Mozambique",2012,"MOZ",15,38.79553
"1154","Mozambique",2013,"MOZ",15,38.9297
"1155","Mozambique",2014,"MOZ",15,39.15003
"1156","Mozambique",2015,"MOZ",15,39.44281
"1157","Mozambique",2016,"MOZ",15,53.67749
"1158","Mozambique",2017,"MOZ",15,53.62847
"1159","Mozambique",2018,"MOZ",15,53.58846
"1161","Myanmar",2000,"MMR",15,19.87823
"1162","Myanmar",2001,"MMR",15,20.5201
"1163","Myanmar",2002,"MMR",15,21.3575
"1164","Myanmar",2003,"MMR",15,21.91716
"1165","Myanmar",2004,"MMR",15,23.31163
"1166","Myanmar",2005,"MMR",15,23.66319
"1167","Myanmar",2006,"MMR",15,23.50305
"1168","Myanmar",2007,"MMR",15,23.25556
"1169","Myanmar",2008,"MMR",15,22.98293
"1170","Myanmar",2009,"MMR",15,22.73242
"1171","Myanmar",2010,"MMR",15,23.13978
"1172","Myanmar",2011,"MMR",15,23.064
"1173","Myanmar",2012,"MMR",15,43.04569
"1174","Myanmar",2013,"MMR",15,43.34436
"1175","Myanmar",2014,"MMR",15,43.71119
"1176","Myanmar",2015,"MMR",15,43.79374
"1177","Myanmar",2016,"MMR",15,57.99755
"1178","Myanmar",2017,"MMR",15,57.96418
"1179","Myanmar",2018,"MMR",15,57.93789
"1181","Namibia",2000,"NAM",15,22.84519
"1182","Namibia",2001,"NAM",15,26.19117
"1183","Namibia",2002,"NAM",15,40.47325
"1184","Namibia",2003,"NAM",15,41.8972
"1185","Namibia",2004,"NAM",15,41.88977
"1186","Namibia",2005,"NAM",15,42.33346
"1187","Namibia",2006,"NAM",15,43.93896
"1188","Namibia",2007,"NAM",15,44.45172
"1189","Namibia",2008,"NAM",15,46.84141
"1190","Namibia",2009,"NAM",15,47.30695
"1191","Namibia",2010,"NAM",15,47.6677
"1192","Namibia",2011,"NAM",15,48.26806
"1193","Namibia",2012,"NAM",15,55.04544
"1194","Namibia",2013,"NAM",15,55.04132
"1195","Namibia",2014,"NAM",15,55.03274
"1196","Namibia",2015,"NAM",15,55.02474
"1197","Namibia",2016,"NAM",15,69.30702
"1198","Namibia",2017,"NAM",15,69.30602
"1199","Namibia",2018,"NAM",15,69.30502
"1201","Nepal",2000,"NPL",15,24.14643
"1202","Nepal",2001,"NPL",15,24.10597
"1203","Nepal",2002,"NPL",15,38.51604
"1204","Nepal",2003,"NPL",15,38.83579
"1205","Nepal",2004,"NPL",15,39.37624
"1206","Nepal",2005,"NPL",15,39.59502
"1207","Nepal",2006,"NPL",15,40.44998
"1208","Nepal",2007,"NPL",15,40.47622
"1209","Nepal",2008,"NPL",15,40.50262
"1210","Nepal",2009,"NPL",15,40.63079
"1211","Nepal",2010,"NPL",15,40.74318
"1212","Nepal",2011,"NPL",15,40.75297
"1213","Nepal",2012,"NPL",15,46.493
"1214","Nepal",2013,"NPL",15,46.52043
"1215","Nepal",2014,"NPL",15,46.55609
"1216","Nepal",2015,"NPL",15,46.59615
"1217","Nepal",2016,"NPL",15,60.888
"1218","Nepal",2017,"NPL",15,60.887
"1219","Nepal",2018,"NPL",15,60.892
"1221","New Zealand",2000,"NZL",15,35.82988
"1222","New Zealand",2001,"NZL",15,35.78091
"1223","New Zealand",2002,"NZL",15,35.81718
"1224","New Zealand",2003,"NZL",15,35.76922
"1225","New Zealand",2004,"NZL",15,35.74088
"1226","New Zealand",2005,"NZL",15,35.77969
"1227","New Zealand",2006,"NZL",15,36.05222
"1228","New Zealand",2007,"NZL",15,36.04391
"1229","New Zealand",2008,"NZL",15,36.1664
"1230","New Zealand",2009,"NZL",15,36.37929
"1231","New Zealand",2010,"NZL",15,36.32821
"1232","New Zealand",2011,"NZL",15,36.27437
"1233","New Zealand",2012,"NZL",15,36.23632
"1234","New Zealand",2013,"NZL",15,36.26731
"1235","New Zealand",2014,"NZL",15,36.23305
"1236","New Zealand",2015,"NZL",15,36.31278
"1237","New Zealand",2016,"NZL",15,50.5498
"1238","New Zealand",2017,"NZL",15,50.47751
"1239","New Zealand",2018,"NZL",15,50.40734
"1241","Nicaragua",2000,"NIC",15,32.32107
"1242","Nicaragua",2001,"NIC",15,46.60442
"1243","Nicaragua",2002,"NIC",15,46.54503
"1244","Nicaragua",2003,"NIC",15,46.48877
"1245","Nicaragua",2004,"NIC",15,46.42852
"1246","Nicaragua",2005,"NIC",15,46.36784
"1247","Nicaragua",2006,"NIC",15,46.29592
"1248","Nicaragua",2007,"NIC",15,46.23597
"1249","Nicaragua",2008,"NIC",15,46.17258
"1250","Nicaragua",2009,"NIC",15,46.11117
"1251","Nicaragua",2010,"NIC",15,46.0553
"1252","Nicaragua",2011,"NIC",15,46.04185
"1253","Nicaragua",2012,"NIC",15,48.90176
"1254","Nicaragua",2013,"NIC",15,48.91174
"1255","Nicaragua",2014,"NIC",15,48.93665
"1256","Nicaragua",2015,"NIC",15,48.97264
"1257","Nicaragua",2016,"NIC",15,63.23463
"1258","Nicaragua",2017,"NIC",15,63.22049
"1259","Nicaragua",2018,"NIC",15,63.19977
"1261","Nigeria",2000,"NGA",15,26.79969
"1262","Nigeria",2001,"NGA",15,26.76515
"1263","Nigeria",2002,"NGA",15,26.73076
"1264","Nigeria",2003,"NGA",15,26.69593
"1265","Nigeria",2004,"NGA",15,26.66225
"1266","Nigeria",2005,"NGA",15,26.62885
"1267","Nigeria",2006,"NGA",15,40.87708
"1268","Nigeria",2007,"NGA",15,40.83458
"1269","Nigeria",2008,"NGA",15,45.41805
"1270","Nigeria",2009,"NGA",15,45.37413
"1271","Nigeria",2010,"NGA",15,45.32696
"1272","Nigeria",2011,"NGA",15,45.28075
"1273","Nigeria",2012,"NGA",15,45.23395
"1274","Nigeria",2013,"NGA",15,45.18413
"1275","Nigeria",2014,"NGA",15,45.13358
"1276","Nigeria",2015,"NGA",15,45.08243
"1277","Nigeria",2016,"NGA",15,59.33946
"1278","Nigeria",2017,"NGA",15,59.33746
"1279","Nigeria",2018,"NGA",15,59.33617
"1281","Norway",2000,"NOR",15,24.32043
"1282","Norway",2001,"NOR",15,38.61327
"1283","Norway",2002,"NOR",15,39.04187
"1284","Norway",2003,"NOR",15,41.44985
"1285","Norway",2004,"NOR",15,41.94164
"1286","Norway",2005,"NOR",15,41.95087
"1287","Norway",2006,"NOR",15,42.74022
"1288","Norway",2007,"NOR",15,42.75744
"1289","Norway",2008,"NOR",15,42.77343
"1290","Norway",2009,"NOR",15,42.80957
"1291","Norway",2010,"NOR",15,42.83272
"1292","Norway",2011,"NOR",15,42.9421
"1293","Norway",2012,"NOR",15,54.39163
"1294","Norway",2013,"NOR",15,54.4324
"1295","Norway",2014,"NOR",15,54.45104
"1296","Norway",2015,"NOR",15,55.05474
"1297","Norway",2016,"NOR",15,69.37614
"1298","Norway",2017,"NOR",15,69.354
"1299","Norway",2018,"NOR",15,69.38734
"1301","Pakistan",2000,"PAK",15,35.24243
"1302","Pakistan",2001,"PAK",15,35.22797
"1303","Pakistan",2002,"PAK",15,35.20993
"1304","Pakistan",2003,"PAK",15,35.12394
"1305","Pakistan",2004,"PAK",15,35.07653
"1306","Pakistan",2005,"PAK",15,35.00426
"1307","Pakistan",2006,"PAK",15,34.92497
"1308","Pakistan",2007,"PAK",15,34.86584
"1309","Pakistan",2008,"PAK",15,34.81114
"1310","Pakistan",2009,"PAK",15,34.74514
"1311","Pakistan",2010,"PAK",15,34.68799
"1312","Pakistan",2011,"PAK",15,34.61794
"1313","Pakistan",2012,"PAK",15,40.28099
"1314","Pakistan",2013,"PAK",15,40.21142
"1315","Pakistan",2014,"PAK",15,40.14595
"1316","Pakistan",2015,"PAK",15,40.06685
"1317","Pakistan",2016,"PAK",15,39.99371
"1318","Pakistan",2017,"PAK",15,39.95898
"1319","Pakistan",2018,"PAK",15,39.88667
"1321","Paraguay",2000,"PRY",15,22.18376
"1322","Paraguay",2001,"PRY",15,29.0529
"1323","Paraguay",2002,"PRY",15,29.02038
"1324","Paraguay",2003,"PRY",15,43.44203
"1325","Paraguay",2004,"PRY",15,43.4288
"1326","Paraguay",2005,"PRY",15,44.08383
"1327","Paraguay",2006,"PRY",15,44.01565
"1328","Paraguay",2007,"PRY",15,43.95103
"1329","Paraguay",2008,"PRY",15,43.8848
"1330","Paraguay",2009,"PRY",15,43.95463
"1331","Paraguay",2010,"PRY",15,43.89262
"1332","Paraguay",2011,"PRY",15,43.8261
"1333","Paraguay",2012,"PRY",15,46.62093
"1334","Paraguay",2013,"PRY",15,46.55555
"1335","Paraguay",2014,"PRY",15,46.49591
"1336","Paraguay",2015,"PRY",15,46.43757
"1337","Paraguay",2016,"PRY",15,60.66695
"1338","Paraguay",2017,"PRY",15,60.66509
"1339","Paraguay",2018,"PRY",15,60.66238
"1341","Peru",2000,"PER",15,20.59351
"1342","Peru",2001,"PER",15,35.321
"1343","Peru",2002,"PER",15,35.41592
"1344","Peru",2003,"PER",15,35.44287
"1345","Peru",2004,"PER",15,35.45088
"1346","Peru",2005,"PER",15,35.83017
"1347","Peru",2006,"PER",15,36.07908
"1348","Peru",2007,"PER",15,36.01611
"1349","Peru",2008,"PER",15,36.00878
"1350","Peru",2009,"PER",15,36.17925
"1351","Peru",2010,"PER",15,36.27883
"1352","Peru",2011,"PER",15,36.37156
"1353","Peru",2012,"PER",15,47.85877
"1354","Peru",2013,"PER",15,47.92933
"1355","Peru",2014,"PER",15,47.96008
"1356","Peru",2015,"PER",15,47.99334
"1357","Peru",2016,"PER",15,62.33979
"1358","Peru",2017,"PER",15,62.337
"1359","Peru",2018,"PER",15,65.32995
"1361","Poland",2000,"POL",15,30.83139
"1362","Poland",2001,"POL",15,31.25241
"1363","Poland",2002,"POL",15,31.37026
"1364","Poland",2003,"POL",15,45.81441
"1365","Poland",2004,"POL",15,47.39918
"1366","Poland",2005,"POL",15,47.42212
"1367","Poland",2006,"POL",15,47.5015
"1368","Poland",2007,"POL",15,49.00294
"1369","Poland",2008,"POL",15,49.35403
"1370","Poland",2009,"POL",15,49.38502
"1371","Poland",2010,"POL",15,49.40232
"1372","Poland",2011,"POL",15,49.49957
"1373","Poland",2012,"POL",15,58.11077
"1374","Poland",2013,"POL",15,58.12993
"1375","Poland",2014,"POL",15,58.15169
"1376","Poland",2015,"POL",15,58.17602
"1377","Poland",2016,"POL",15,72.48297
"1378","Poland",2017,"POL",15,75.35926
"1379","Poland",2018,"POL",15,75.37255
"1381","Portugal",2000,"PRT",15,30.17744
"1382","Portugal",2001,"PRT",15,44.50653
"1383","Portugal",2002,"PRT",15,44.49519
"1384","Portugal",2003,"PRT",15,44.48771
"1385","Portugal",2004,"PRT",15,44.50784
"1386","Portugal",2005,"PRT",15,44.5844
"1387","Portugal",2006,"PRT",15,44.72752
"1388","Portugal",2007,"PRT",15,44.69451
"1389","Portugal",2008,"PRT",15,46.03226
"1390","Portugal",2009,"PRT",15,46.06917
"1391","Portugal",2010,"PRT",15,46.06129
"1392","Portugal",2011,"PRT",15,46.15257
"1393","Portugal",2012,"PRT",15,57.61488
"1394","Portugal",2013,"PRT",15,57.60701
"1395","Portugal",2014,"PRT",15,57.59276
"1396","Portugal",2015,"PRT",15,57.5753
"1397","Portugal",2016,"PRT",15,71.8427
"1398","Portugal",2017,"PRT",15,71.82898
"1399","Portugal",2018,"PRT",15,71.91411
"1401","Romania",2000,"ROU",15,34.98074
"1402","Romania",2001,"ROU",15,35.14058
"1403","Romania",2002,"ROU",15,35.29592
"1404","Romania",2003,"ROU",15,35.4551
"1405","Romania",2004,"ROU",15,35.61762
"1406","Romania",2005,"ROU",15,36.31682
"1407","Romania",2006,"ROU",15,37.96714
"1408","Romania",2007,"ROU",15,45.04864
"1409","Romania",2008,"ROU",15,45.28592
"1410","Romania",2009,"ROU",15,45.4737
"1411","Romania",2010,"ROU",15,45.66491
"1412","Romania",2011,"ROU",15,48.37903
"1413","Romania",2012,"ROU",15,51.5217
"1414","Romania",2013,"ROU",15,51.84257
"1415","Romania",2014,"ROU",15,52.05564
"1416","Romania",2015,"ROU",15,52.27078
"1417","Romania",2016,"ROU",15,66.58672
"1418","Romania",2017,"ROU",15,66.58772
"1419","Romania",2018,"ROU",15,66.58886
"1421","Rwanda",2000,"RWA",15,9.332952
"1422","Rwanda",2001,"RWA",15,9.356685
"1423","Rwanda",2002,"RWA",15,9.38047
"1424","Rwanda",2003,"RWA",15,9.547125
"1425","Rwanda",2004,"RWA",15,9.570913
"1426","Rwanda",2005,"RWA",15,10.66073
"1427","Rwanda",2006,"RWA",15,10.71316
"1428","Rwanda",2007,"RWA",15,10.76208
"1429","Rwanda",2008,"RWA",15,10.80753
"1430","Rwanda",2009,"RWA",15,10.84951
"1431","Rwanda",2010,"RWA",15,10.88802
"1432","Rwanda",2011,"RWA",15,10.90455
"1433","Rwanda",2012,"RWA",15,10.96908
"1434","Rwanda",2013,"RWA",15,10.96719
"1435","Rwanda",2014,"RWA",15,10.9561
"1436","Rwanda",2015,"RWA",15,10.9358
"1437","Rwanda",2016,"RWA",15,11.09838
"1438","Rwanda",2017,"RWA",15,11.09837
"1439","Rwanda",2018,"RWA",15,11.09837
"1441","Sao Tome and Principe",2000,"STP",15,15.33621
"1442","Sao Tome and Principe",2001,"STP",15,15.33135
"1443","Sao Tome and Principe",2002,"STP",15,15.31777
"1444","Sao Tome and Principe",2003,"STP",15,15.33278
"1445","Sao Tome and Principe",2004,"STP",15,15.3515
"1446","Sao Tome and Principe",2005,"STP",15,29.67236
"1447","Sao Tome and Principe",2006,"STP",15,44.23761
"1448","Sao Tome and Principe",2007,"STP",15,44.20595
"1449","Sao Tome and Principe",2008,"STP",15,44.15911
"1450","Sao Tome and Principe",2009,"STP",15,44.11853
"1451","Sao Tome and Principe",2010,"STP",15,44.0802
"1452","Sao Tome and Principe",2011,"STP",15,44.07826
"1453","Sao Tome and Principe",2012,"STP",15,49.80142
"1454","Sao Tome and Principe",2013,"STP",15,49.80799
"1455","Sao Tome and Principe",2014,"STP",15,49.82138
"1456","Sao Tome and Principe",2015,"STP",15,49.83988
"1457","Sao Tome and Principe",2016,"STP",15,64.12202
"1458","Sao Tome and Principe",2017,"STP",15,64.11859
"1459","Sao Tome and Principe",2018,"STP",15,64.11516
"1461","Serbia",2000,"SRB",15,20.6273
"1462","Serbia",2001,"SRB",15,21.48143
"1463","Serbia",2002,"SRB",15,21.56262
"1464","Serbia",2003,"SRB",15,21.63851
"1465","Serbia",2004,"SRB",15,21.71182
"1466","Serbia",2005,"SRB",15,22.04769
"1467","Serbia",2006,"SRB",15,22.77722
"1468","Serbia",2007,"SRB",15,22.91808
"1469","Serbia",2008,"SRB",15,23.08098
"1470","Serbia",2009,"SRB",15,23.17607
"1471","Serbia",2010,"SRB",15,23.25327
"1472","Serbia",2011,"SRB",15,37.57062
"1473","Serbia",2012,"SRB",15,43.33393
"1474","Serbia",2013,"SRB",15,46.30207
"1475","Serbia",2014,"SRB",15,46.30588
"1476","Serbia",2015,"SRB",15,46.84597
"1477","Serbia",2016,"SRB",15,61.14205
"1478","Serbia",2017,"SRB",15,61.14266
"1479","Serbia",2018,"SRB",15,61.14351
"1481","Sierra Leone",2000,"SLE",15,28.56251
"1482","Sierra Leone",2001,"SLE",15,28.53514
"1483","Sierra Leone",2002,"SLE",15,28.51206
"1484","Sierra Leone",2003,"SLE",15,42.77581
"1485","Sierra Leone",2004,"SLE",15,42.7554
"1486","Sierra Leone",2005,"SLE",15,42.73842
"1487","Sierra Leone",2006,"SLE",15,42.73646
"1488","Sierra Leone",2007,"SLE",15,42.74966
"1489","Sierra Leone",2008,"SLE",15,42.76555
"1490","Sierra Leone",2009,"SLE",15,42.78161
"1491","Sierra Leone",2010,"SLE",15,43.91857
"1492","Sierra Leone",2011,"SLE",15,44.02072
"1493","Sierra Leone",2012,"SLE",15,50.59811
"1494","Sierra Leone",2013,"SLE",15,50.72874
"1495","Sierra Leone",2014,"SLE",15,50.86585
"1496","Sierra Leone",2015,"SLE",15,51.01781
"1497","Sierra Leone",2016,"SLE",15,51.07457
"1498","Sierra Leone",2017,"SLE",15,51.07086
"1499","Sierra Leone",2018,"SLE",15,51.06943
"1501","Somalia",2000,"SOM",15,14.37056
"1502","Somalia",2001,"SOM",15,14.32667
"1503","Somalia",2002,"SOM",15,14.26334
"1504","Somalia",2003,"SOM",15,14.22144
"1505","Somalia",2004,"SOM",15,14.16612
"1506","Somalia",2005,"SOM",15,14.12522
"1507","Somalia",2006,"SOM",15,14.07423
"1508","Somalia",2007,"SOM",15,14.02837
"1509","Somalia",2008,"SOM",15,13.97733
"1510","Somalia",2009,"SOM",15,13.92784
"1511","Somalia",2010,"SOM",15,13.87803
"1512","Somalia",2011,"SOM",15,13.83577
"1513","Somalia",2012,"SOM",15,13.7749
"1514","Somalia",2013,"SOM",15,13.73001
"1515","Somalia",2014,"SOM",15,13.68523
"1516","Somalia",2015,"SOM",15,27.9097
"1517","Somalia",2016,"SOM",15,42.1518
"1518","Somalia",2017,"SOM",15,42.10364
"1519","Somalia",2018,"SOM",15,42.07206
"1521","South Africa",2000,"ZAF",15,18.32078
"1522","South Africa",2001,"ZAF",15,18.3066
"1523","South Africa",2002,"ZAF",15,18.26752
"1524","South Africa",2003,"ZAF",15,18.23499
"1525","South Africa",2004,"ZAF",15,18.51267
"1526","South Africa",2005,"ZAF",15,33.04878
"1527","South Africa",2006,"ZAF",15,33.01523
"1528","South Africa",2007,"ZAF",15,33.11465
"1529","South Africa",2008,"ZAF",15,33.07079
"1530","South Africa",2009,"ZAF",15,33.04612
"1531","South Africa",2010,"ZAF",15,33.03312
"1532","South Africa",2011,"ZAF",15,33.00352
"1533","South Africa",2012,"ZAF",15,41.69575
"1534","South Africa",2013,"ZAF",15,41.8502
"1535","South Africa",2014,"ZAF",15,41.90094
"1536","South Africa",2015,"ZAF",15,41.89029
"1537","South Africa",2016,"ZAF",15,56.22583
"1538","South Africa",2017,"ZAF",15,56.22041
"1539","South Africa",2018,"ZAF",15,56.30223
"1541","South Sudan",2000,"SSD",15,21.66166
"1542","South Sudan",2001,"SSD",15,21.65795
"1543","South Sudan",2002,"SSD",15,21.65381
"1544","South Sudan",2003,"SSD",15,21.64909
"1545","South Sudan",2004,"SSD",15,21.64537
"1546","South Sudan",2005,"SSD",15,21.64052
"1547","South Sudan",2006,"SSD",15,22.30586
"1548","South Sudan",2007,"SSD",15,22.30157
"1549","South Sudan",2008,"SSD",15,22.29757
"1550","South Sudan",2009,"SSD",15,22.29357
"1551","South Sudan",2010,"SSD",15,22.28928
"1552","South Sudan",2011,"SSD",15,22.28356
"1553","South Sudan",2012,"SSD",15,22.27899
"1554","South Sudan",2013,"SSD",15,22.27513
"1555","South Sudan",2014,"SSD",15,22.2707
"1556","South Sudan",2015,"SSD",15,22.26685
"1557","South Sudan",2016,"SSD",15,22.26384
"1558","South Sudan",2017,"SSD",15,22.25999
"1559","South Sudan",2018,"SSD",15,36.54656
"1561","Spain",2000,"ESP",15,40.07432
"1562","Spain",2001,"ESP",15,40.99633
"1563","Spain",2002,"ESP",15,41.16532
"1564","Spain",2003,"ESP",15,41.41812
"1565","Spain",2004,"ESP",15,41.67062
"1566","Spain",2005,"ESP",15,41.79013
"1567","Spain",2006,"ESP",15,41.95081
"1568","Spain",2007,"ESP",15,42.05383
"1569","Spain",2008,"ESP",15,42.11443
"1570","Spain",2009,"ESP",15,42.24825
"1571","Spain",2010,"ESP",15,42.28577
"1572","Spain",2011,"ESP",15,42.32904
"1573","Spain",2012,"ESP",15,53.76431
"1574","Spain",2013,"ESP",15,53.75754
"1575","Spain",2014,"ESP",15,53.81113
"1576","Spain",2015,"ESP",15,53.79314
"1577","Spain",2016,"ESP",15,68.08524
"1578","Spain",2017,"ESP",15,68.08183
"1579","Spain",2018,"ESP",15,68.07805
"1581","Sri Lanka",2000,"LKA",15,31.62724
"1582","Sri Lanka",2001,"LKA",15,31.53636
"1583","Sri Lanka",2002,"LKA",15,31.44406
"1584","Sri Lanka",2003,"LKA",15,31.3539
"1585","Sri Lanka",2004,"LKA",15,31.25174
"1586","Sri Lanka",2005,"LKA",15,31.15401
"1587","Sri Lanka",2006,"LKA",15,31.0928
"1588","Sri Lanka",2007,"LKA",15,31.0429
"1589","Sri Lanka",2008,"LKA",15,31.44792
"1590","Sri Lanka",2009,"LKA",15,32.02386
"1591","Sri Lanka",2010,"LKA",15,32.27405
"1592","Sri Lanka",2011,"LKA",15,32.20597
"1593","Sri Lanka",2012,"LKA",15,32.22763
"1594","Sri Lanka",2013,"LKA",15,35.31096
"1595","Sri Lanka",2014,"LKA",15,35.20607
"1596","Sri Lanka",2015,"LKA",15,35.13226
"1597","Sri Lanka",2016,"LKA",15,52.17743
"1598","Sri Lanka",2017,"LKA",15,52.09641
"1599","Sri Lanka",2018,"LKA",15,52.04954
"1601","Suriname",2000,"SUR",15,30.61494
"1602","Suriname",2001,"SUR",15,30.62847
"1603","Suriname",2002,"SUR",15,30.63744
"1604","Suriname",2003,"SUR",15,30.64485
"1605","Suriname",2004,"SUR",15,30.64772
"1606","Suriname",2005,"SUR",15,30.64789
"1607","Suriname",2006,"SUR",15,44.93534
"1608","Suriname",2007,"SUR",15,44.92751
"1609","Suriname",2008,"SUR",15,44.91211
"1610","Suriname",2009,"SUR",15,44.89001
"1611","Suriname",2010,"SUR",15,44.87021
"1612","Suriname",2011,"SUR",15,44.84638
"1613","Suriname",2012,"SUR",15,44.83574
"1614","Suriname",2013,"SUR",15,44.83016
"1615","Suriname",2014,"SUR",15,44.82577
"1616","Suriname",2015,"SUR",15,44.82299
"1617","Suriname",2016,"SUR",15,44.82039
"1618","Suriname",2017,"SUR",15,44.81882
"1619","Suriname",2018,"SUR",15,44.81811
"1621","Sweden",2000,"SWE",15,48.76794
"1622","Sweden",2001,"SWE",15,48.86668
"1623","Sweden",2002,"SWE",15,48.89085
"1624","Sweden",2003,"SWE",15,48.89686
"1625","Sweden",2004,"SWE",15,48.90216
"1626","Sweden",2005,"SWE",15,48.90794
"1627","Sweden",2006,"SWE",15,48.90487
"1628","Sweden",2007,"SWE",15,48.9075
"1629","Sweden",2008,"SWE",15,48.92621
"1630","Sweden",2009,"SWE",15,48.9256
"1631","Sweden",2010,"SWE",15,48.93254
"1632","Sweden",2011,"SWE",15,48.95648
"1633","Sweden",2012,"SWE",15,60.43912
"1634","Sweden",2013,"SWE",15,60.44621
"1635","Sweden",2014,"SWE",15,60.45469
"1636","Sweden",2015,"SWE",15,60.46434
"1637","Sweden",2016,"SWE",15,77.63838
"1638","Sweden",2017,"SWE",15,77.80824
"1639","Sweden",2018,"SWE",15,77.80817
"1641","Switzerland",2000,"CHE",15,22.2903
"1642","Switzerland",2001,"CHE",15,37.50472
"1643","Switzerland",2002,"CHE",15,37.5128
"1644","Switzerland",2003,"CHE",15,37.53701
"1645","Switzerland",2004,"CHE",15,37.54524
"1646","Switzerland",2005,"CHE",15,37.56195
"1647","Switzerland",2006,"CHE",15,37.56606
"1648","Switzerland",2007,"CHE",15,37.60519
"1649","Switzerland",2008,"CHE",15,37.61027
"1650","Switzerland",2009,"CHE",15,38.78222
"1651","Switzerland",2010,"CHE",15,38.88982
"1652","Switzerland",2011,"CHE",15,38.89687
"1653","Switzerland",2012,"CHE",15,50.3474
"1654","Switzerland",2013,"CHE",15,50.3547
"1655","Switzerland",2014,"CHE",15,50.36183
"1656","Switzerland",2015,"CHE",15,50.36951
"1657","Switzerland",2016,"CHE",15,67.52637
"1658","Switzerland",2017,"CHE",15,67.55504
"1659","Switzerland",2018,"CHE",15,67.55489
"1661","Tajikistan",2000,"TJK",15,18.92889
"1662","Tajikistan",2001,"TJK",15,19.24294
"1663","Tajikistan",2002,"TJK",15,19.23994
"1664","Tajikistan",2003,"TJK",15,33.52794
"1665","Tajikistan",2004,"TJK",15,33.52751
"1666","Tajikistan",2005,"TJK",15,33.52708
"1667","Tajikistan",2006,"TJK",15,33.52675
"1668","Tajikistan",2007,"TJK",15,33.52666
"1669","Tajikistan",2008,"TJK",15,33.5268
"1670","Tajikistan",2009,"TJK",15,33.52689
"1671","Tajikistan",2010,"TJK",15,33.52723
"1672","Tajikistan",2011,"TJK",15,33.52819
"1673","Tajikistan",2012,"TJK",15,36.38963
"1674","Tajikistan",2013,"TJK",15,36.60139
"1675","Tajikistan",2014,"TJK",15,36.60528
"1676","Tajikistan",2015,"TJK",15,36.60786
"1677","Tajikistan",2016,"TJK",15,36.60821
"1678","Tajikistan",2017,"TJK",15,36.60821
"1679","Tajikistan",2018,"TJK",15,36.60821
"1681","Thailand",2000,"THA",15,48.57236
"1682","Thailand",2001,"THA",15,48.55461
"1683","Thailand",2002,"THA",15,48.51799
"1684","Thailand",2003,"THA",15,48.47567
"1685","Thailand",2004,"THA",15,48.41646
"1686","Thailand",2005,"THA",15,48.35207
"1687","Thailand",2006,"THA",15,48.35703
"1688","Thailand",2007,"THA",15,48.62347
"1689","Thailand",2008,"THA",15,48.79791
"1690","Thailand",2009,"THA",15,49.12456
"1691","Thailand",2010,"THA",15,49.09868
"1692","Thailand",2011,"THA",15,49.09523
"1693","Thailand",2012,"THA",15,49.13498
"1694","Thailand",2013,"THA",15,49.2139
"1695","Thailand",2014,"THA",15,49.3043
"1696","Thailand",2015,"THA",15,49.44089
"1697","Thailand",2016,"THA",15,63.69535
"1698","Thailand",2017,"THA",15,63.64191
"1699","Thailand",2018,"THA",15,63.60976
"1701","Tunisia",2000,"TUN",15,33.99721
"1702","Tunisia",2001,"TUN",15,34.05053
"1703","Tunisia",2002,"TUN",15,34.05003
"1704","Tunisia",2003,"TUN",15,34.05904
"1705","Tunisia",2004,"TUN",15,34.067
"1706","Tunisia",2005,"TUN",15,34.0859
"1707","Tunisia",2006,"TUN",15,34.14066
"1708","Tunisia",2007,"TUN",15,34.81841
"1709","Tunisia",2008,"TUN",15,34.91489
"1710","Tunisia",2009,"TUN",15,34.99582
"1711","Tunisia",2010,"TUN",15,35.35542
"1712","Tunisia",2011,"TUN",15,35.3642
"1713","Tunisia",2012,"TUN",15,40.4837
"1714","Tunisia",2013,"TUN",15,40.72959
"1715","Tunisia",2014,"TUN",15,40.72628
"1716","Tunisia",2015,"TUN",15,40.72126
"1717","Tunisia",2016,"TUN",15,40.72509
"1718","Tunisia",2017,"TUN",15,40.72409
"1719","Tunisia",2018,"TUN",15,40.7228
"1721","Turkey",2000,"TUR",15,14.25489
"1722","Turkey",2001,"TUR",15,28.55542
"1723","Turkey",2002,"TUR",15,28.56126
"1724","Turkey",2003,"TUR",15,28.57184
"1725","Turkey",2004,"TUR",15,28.57901
"1726","Turkey",2005,"TUR",15,28.59499
"1727","Turkey",2006,"TUR",15,28.60229
"1728","Turkey",2007,"TUR",15,28.60858
"1729","Turkey",2008,"TUR",15,28.61734
"1730","Turkey",2009,"TUR",15,28.64553
"1731","Turkey",2010,"TUR",15,28.65282
"1732","Turkey",2011,"TUR",15,28.66152
"1733","Turkey",2012,"TUR",15,31.52752
"1734","Turkey",2013,"TUR",15,31.54962
"1735","Turkey",2014,"TUR",15,31.55548
"1736","Turkey",2015,"TUR",15,31.56092
"1737","Turkey",2016,"TUR",15,45.85542
"1738","Turkey",2017,"TUR",15,45.85013
"1739","Turkey",2018,"TUR",15,45.84599
"1741","Turkmenistan",2000,"TKM",15,17.76877
"1742","Turkmenistan",2001,"TKM",15,17.76077
"1743","Turkmenistan",2002,"TKM",15,32.04206
"1744","Turkmenistan",2003,"TKM",15,32.03405
"1745","Turkmenistan",2004,"TKM",15,32.02805
"1746","Turkmenistan",2005,"TKM",15,32.02191
"1747","Turkmenistan",2006,"TKM",15,32.01705
"1748","Turkmenistan",2007,"TKM",15,32.01348
"1749","Turkmenistan",2008,"TKM",15,32.02936
"1750","Turkmenistan",2009,"TKM",15,32.02636
"1751","Turkmenistan",2010,"TKM",15,32.02207
"1752","Turkmenistan",2011,"TKM",15,32.01921
"1753","Turkmenistan",2012,"TKM",15,32.01678
"1754","Turkmenistan",2013,"TKM",15,32.01307
"1755","Turkmenistan",2014,"TKM",15,32.00892
"1756","Turkmenistan",2015,"TKM",15,32.00606
"1757","Turkmenistan",2016,"TKM",15,32.00178
"1758","Turkmenistan",2017,"TKM",15,31.99878
"1759","Turkmenistan",2018,"TKM",15,31.9962
"1761","Uganda",2000,"UGA",15,30.93181
"1762","Uganda",2001,"UGA",15,30.86478
"1763","Uganda",2002,"UGA",15,45.11058
"1764","Uganda",2003,"UGA",15,45.03683
"1765","Uganda",2004,"UGA",15,45.11551
"1766","Uganda",2005,"UGA",15,45.03862
"1767","Uganda",2006,"UGA",15,46.01336
"1768","Uganda",2007,"UGA",15,45.89106
"1769","Uganda",2008,"UGA",15,45.77382
"1770","Uganda",2009,"UGA",15,45.65221
"1771","Uganda",2010,"UGA",15,45.53739
"1772","Uganda",2011,"UGA",15,45.42461
"1773","Uganda",2012,"UGA",15,56.75827
"1774","Uganda",2013,"UGA",15,56.64902
"1775","Uganda",2014,"UGA",15,56.54125
"1776","Uganda",2015,"UGA",15,56.44466
"1777","Uganda",2016,"UGA",15,70.66208
"1778","Uganda",2017,"UGA",15,70.60607
"1779","Uganda",2018,"UGA",15,70.57206
"1781","Ukraine",2000,"UKR",15,36.69361
"1782","Ukraine",2001,"UKR",15,36.6965
"1783","Ukraine",2002,"UKR",15,36.69927
"1784","Ukraine",2003,"UKR",15,36.70287
"1785","Ukraine",2004,"UKR",15,36.70784
"1786","Ukraine",2005,"UKR",15,36.71222
"1787","Ukraine",2006,"UKR",15,36.71154
"1788","Ukraine",2007,"UKR",15,36.98449
"1789","Ukraine",2008,"UKR",15,36.98585
"1790","Ukraine",2009,"UKR",15,36.98564
"1791","Ukraine",2010,"UKR",15,36.98818
"1792","Ukraine",2011,"UKR",15,37.00018
"1793","Ukraine",2012,"UKR",15,37.04299
"1794","Ukraine",2013,"UKR",15,37.06584
"1795","Ukraine",2014,"UKR",15,37.08264
"1796","Ukraine",2015,"UKR",15,37.10116
"1797","Ukraine",2016,"UKR",15,51.39785
"1798","Ukraine",2017,"UKR",15,51.40371
"1799","Ukraine",2018,"UKR",15,51.40614
"1801","Zambia",2000,"ZMB",15,46.1479
"1802","Zambia",2001,"ZMB",15,46.13061
"1803","Zambia",2002,"ZMB",15,46.11447
"1804","Zambia",2003,"ZMB",15,46.09789
"1805","Zambia",2004,"ZMB",15,46.08247
"1806","Zambia",2005,"ZMB",15,46.2075
"1807","Zambia",2006,"ZMB",15,46.19081
"1808","Zambia",2007,"ZMB",15,46.26615
"1809","Zambia",2008,"ZMB",15,46.24957
"1810","Zambia",2009,"ZMB",15,46.23285
"1811","Zambia",2010,"ZMB",15,46.21654
"1812","Zambia",2011,"ZMB",15,46.19992
"1813","Zambia",2012,"ZMB",15,49.04297
"1814","Zambia",2013,"ZMB",15,49.02611
"1815","Zambia",2014,"ZMB",15,49.01035
"1816","Zambia",2015,"ZMB",15,48.99382
"1817","Zambia",2016,"ZMB",15,66.12811
"1818","Zambia",2017,"ZMB",15,68.98782
"1819","Zambia",2018,"ZMB",15,68.98796
"1821","Zimbabwe",2000,"ZWE",15,30.30863
"1822","Zimbabwe",2001,"ZWE",15,30.24427
"1823","Zimbabwe",2002,"ZWE",15,46.03453
"1824","Zimbabwe",2003,"ZWE",15,45.97032
"1825","Zimbabwe",2004,"ZWE",15,45.90411
"1826","Zimbabwe",2005,"ZWE",15,45.83861
"1827","Zimbabwe",2006,"ZWE",15,45.76933
"1828","Zimbabwe",2007,"ZWE",15,45.70002
"1829","Zimbabwe",2008,"ZWE",15,45.62981
"1830","Zimbabwe",2009,"ZWE",15,45.56056
"1831","Zimbabwe",2010,"ZWE",15,45.49198
"1832","Zimbabwe",2011,"ZWE",15,45.42317
"1833","Zimbabwe",2012,"ZWE",15,48.21767
"1834","Zimbabwe",2013,"ZWE",15,48.99731
"1835","Zimbabwe",2014,"ZWE",15,48.93165
"1836","Zimbabwe",2015,"ZWE",15,48.86768
"1837","Zimbabwe",2016,"ZWE",15,63.09473
"1838","Zimbabwe",2017,"ZWE",15,65.94787
"1839","Zimbabwe",2018,"ZWE",15,65.94044
